sampledate,areaname,county,siteid,sitename,sampleaddress,sampleitem,samplevalue,itemunit
2022/02/14,花東空品區,台東縣,62,台東站,台東縣政府,戴奧辛,0.00602230142566192,"pg I-TEQ/m3"
2022/02/08,花東空品區,花蓮縣,63,花蓮站,中正國小,戴奧辛,0.0110679,"pg I-TEQ/m3"
2022/02/08,宜蘭空品區,宜蘭縣,65,宜蘭站,復興國中,戴奧辛,0.0038283,"pg I-TEQ/m3"
2022/02/07,高屏空品區,屏東縣,59,屏東站,中正國小,戴奧辛,0.0361263374485597,"pg I-TEQ/m3"
2022/02/07,高屏空品區,高雄市,53,楠梓站,楠梓國小,戴奧辛,0.026798240339907,"pg I-TEQ/m3"
2022/02/07,雲嘉南空品區,高雄市,49,仁武站,八卦國小,戴奧辛,0.02657170781893,"pg I-TEQ/m3"
2022/02/21,雲嘉南空品區,台南市,46,台南站,中山國中,戴奧辛,0.0228486373928514,"pg I-TEQ/m3"
2022/02/21,雲嘉南空品區,台南市,43,新營站,新營國小,戴奧辛,0.0255845905172414,"pg I-TEQ/m3"
2022/02/21,雲嘉南空品區,嘉義市,42,嘉義站,嘉義大學新民校區,戴奧辛,0.110216115900383,"pg I-TEQ/m3"
2022/02/21,雲嘉南空品區,嘉義縣,39,新港站,新港國小,戴奧辛,0.0226184581320451,"pg I-TEQ/m3"
2022/02/14,中部空品區,雲林縣,38,崙背站,崙背國中,戴奧辛,0.0228807,"pg I-TEQ/m3"
2022/02/14,中部空品區,彰化縣,33,彰化站,延平社區活動中心,戴奧辛,0.0168441,"pg I-TEQ/m3"
2022/02/14,中部空品區,南投縣,36,南投站,康壽國小,戴奧辛,0.015222,"pg I-TEQ/m3"
2022/02/14,中部空品區,台中市,32,西屯站,啟聰學校,戴奧辛,0.0137607,"pg I-TEQ/m3"
2022/02/14,中部空品區,台中市,30,大里站,大里大新圖書館,戴奧辛,0.0170559,"pg I-TEQ/m3"
2022/02/14,竹苗空品區,苗栗縣,26,苗栗站,苗栗縣議會,戴奧辛,0.0092196,"pg I-TEQ/m3"
2022/02/14,竹苗空品區,新竹市,24,新竹站,東門國小,戴奧辛,0.0132983,"pg I-TEQ/m3"
2022/02/14,北部空品區,新竹縣,22,湖口站,信勢國小,戴奧辛,0.0392175,"pg I-TEQ/m3"
2022/02/14,北部空品區,桃園市,17,桃園站,西門國小,戴奧辛,0.0070968,"pg I-TEQ/m3"
2022/02/14,北部空品區,台北市,15,松山站,松山國小,戴奧辛,0.0065182,"pg I-TEQ/m3"
2022/02/08,北部空品區,新北市,2,汐止站,忠厚市場,戴奧辛,0.0050063,"pg I-TEQ/m3"
2022/02/08,北部空品區,新北市,3,萬里站,萬里綜合商場,戴奧辛,0.0040139,"pg I-TEQ/m3"
2021/08/23,花東空品區,台東縣,62,台東站,台東縣政府,戴奧辛,0.006,"pg I-TEQ/m3"
2021/08/16,花東空品區,花蓮縣,63,花蓮站,中正國小,戴奧辛,0.005386,"pg I-TEQ/m3"
2021/08/16,宜蘭空品區,宜蘭縣,65,宜蘭站,復興國中,戴奧辛,0.0090952,"pg I-TEQ/m3"
2021/08/02,高屏空品區,屏東縣,59,屏東站,中正國小,戴奧辛,0.014,"pg I-TEQ/m3"
2021/08/02,高屏空品區,高雄市,53,楠梓站,楠梓國小,戴奧辛,0.007,"pg I-TEQ/m3"
2021/08/02,雲嘉南空品區,高雄市,49,仁武站,八卦國小,戴奧辛,0.014,"pg I-TEQ/m3"
2021/08/28,雲嘉南空品區,台南市,46,台南站,中山國中,戴奧辛,0.0005,"pg I-TEQ/m3"
2021/08/27,雲嘉南空品區,台南市,43,新營站,新營國小,戴奧辛,0.015,"pg I-TEQ/m3"
2021/08/28,雲嘉南空品區,嘉義市,42,嘉義站,嘉義大學新民校區,戴奧辛,0.01,"pg I-TEQ/m3"
2021/08/27,雲嘉南空品區,嘉義縣,39,新港站,新港國小,戴奧辛,0.015,"pg I-TEQ/m3"
2021/08/27,中部空品區,雲林縣,38,崙背站,崙背國中,戴奧辛,0.0187993,"pg I-TEQ/m3"
2021/08/27,中部空品區,彰化縣,33,彰化站,延平社區活動中心,戴奧辛,0.0316028,"pg I-TEQ/m3"
2021/08/27,中部空品區,南投縣,36,南投站,康壽國小,戴奧辛,0.0802491,"pg I-TEQ/m3"
2021/08/27,中部空品區,台中市,32,西屯站,台中啟聰學校,戴奧辛,0.0329513,"pg I-TEQ/m3"
2021/08/27,中部空品區,台中市,30,大里站,大里市公所,戴奧辛,0.0391466,"pg I-TEQ/m3"
2021/08/16,竹苗空品區,苗栗縣,26,苗栗站,苗栗縣議會,戴奧辛,0.0130527,"pg I-TEQ/m3"
2021/08/16,竹苗空品區,新竹市,24,新竹站,東門國小,戴奧辛,0.0108158,"pg I-TEQ/m3"
2021/08/16,北部空品區,新竹縣,22,湖口站,信勢國小,戴奧辛,0.0159674,"pg I-TEQ/m3"
2021/08/16,北部空品區,桃園市,17,桃園站,桃園農工,戴奧辛,0.0450152,"pg I-TEQ/m3"
2021/08/16,北部空品區,台北市,15,松山站,松山國小,戴奧辛,0.0101539,"pg I-TEQ/m3"
2021/08/16,北部空品區,新北市,2,汐止站,樟樹國小,戴奧辛,0.0171378,"pg I-TEQ/m3"
2021/08/16,北部空品區,新北市,3,萬里站,綜合商場,戴奧辛,0.0113065,"pg I-TEQ/m3"
2021/02/17,花東空品區,台東縣,62,台東站,台東縣政府,戴奧辛,0.00903150161030596,"pg I-TEQ/m3"
2021/02/23,花東空品區,花蓮縣,63,花蓮站,中正國小,戴奧辛,0.0110385,"pg I-TEQ/m3"
2021/02/23,宜蘭空品區,宜蘭縣,65,宜蘭站,復興國中,戴奧辛,0.0050837,"pg I-TEQ/m3"
2021/02/01,高屏空品區,屏東縣,59,屏東站,中正國小,戴奧辛,0.0485075536062378,"pg I-TEQ/m3"
2021/02/01,高屏空品區,高雄市,53,楠梓站,楠梓國小,戴奧辛,0.0510185185185185,"pg I-TEQ/m3"
2021/02/01,雲嘉南空品區,高雄市,49,仁武站,八卦國小,戴奧辛,0.0373241938058748,"pg I-TEQ/m3"
2021/02/17,雲嘉南空品區,台南市,46,台南站,中山國中,戴奧辛,0.0456682769726248,"pg I-TEQ/m3"
2021/02/17,雲嘉南空品區,台南市,43,新營站,新營國小,戴奧辛,0.0325899758454106,"pg I-TEQ/m3"
2021/02/17,雲嘉南空品區,嘉義市,42,嘉義站,嘉義大學新民校區,戴奧辛,0.0432794238683128,"pg I-TEQ/m3"
2021/02/17,雲嘉南空品區,嘉義縣,39,新港站,新港國小,戴奧辛,0.0365849030360833,"pg I-TEQ/m3"
2021/02/23,中部空品區,雲林縣,38,崙背站,崙背國中,戴奧辛,0.0243395,"pg I-TEQ/m3"
2021/02/23,中部空品區,彰化縣,33,彰化站,延平社區活動中心,戴奧辛,0.0429456,"pg I-TEQ/m3"
2021/02/23,中部空品區,南投縣,36,南投站,康壽國小,戴奧辛,0.0260985,"pg I-TEQ/m3"
2021/02/23,中部空品區,台中市,32,西屯站,台中啟聰學校,戴奧辛,0.034459,"pg I-TEQ/m3"
2021/02/23,中部空品區,台中市,30,大里站,大里市公所,戴奧辛,0.0422878,"pg I-TEQ/m3"
2021/02/23,竹苗空品區,苗栗縣,26,苗栗站,苗栗縣議會,戴奧辛,0.223655,"pg I-TEQ/m3"
2021/02/23,竹苗空品區,新竹市,24,新竹站,東門國小,戴奧辛,0.0453676,"pg I-TEQ/m3"
2021/02/23,北部空品區,新竹縣,22,湖口站,信勢國小,戴奧辛,0.0331241,"pg I-TEQ/m3"
2021/02/23,北部空品區,桃園市,17,桃園站,桃園農工,戴奧辛,0.0503003,"pg I-TEQ/m3"
2021/02/23,北部空品區,台北市,15,松山站,松山國小,戴奧辛,0.0183623,"pg I-TEQ/m3"
2021/02/23,北部空品區,新北市,2,汐止站,樟樹國小,戴奧辛,0.0119389,"pg I-TEQ/m3"
2021/02/23,北部空品區,新北市,3,萬里站,綜合商場,戴奧辛,0.0078773,"pg I-TEQ/m3"
2020/09/21,花東空品區,台東縣,62,台東站,台東縣政府,戴奧辛,0.00539276204308884,"pg I-TEQ/m3"
2020/10/05,花東空品區,花蓮縣,63,花蓮站,中正國小,戴奧辛,0.0026988,"pg I-TEQ/m3"
2020/10/05,宜蘭空品區,宜蘭縣,65,宜蘭站,復興國中,戴奧辛,0.0033935,"pg I-TEQ/m3"
2020/09/21,高屏空品區,屏東縣,59,屏東站,中正國小,戴奧辛,0.0221236065172118,"pg I-TEQ/m3"
2020/09/21,高屏空品區,高雄市,53,楠梓站,楠梓國小,戴奧辛,0.0213426458679623,"pg I-TEQ/m3"
2020/09/21,雲嘉南空品區,高雄市,49,仁武站,八卦國小,戴奧辛,0.0197810241332843,"pg I-TEQ/m3"
2020/09/14,雲嘉南空品區,台南市,46,台南站,中山國中,戴奧辛,0.0244182253602543,"pg I-TEQ/m3"
2020/09/14,雲嘉南空品區,台南市,43,新營站,新營國小,戴奧辛,0.0240790543562223,"pg I-TEQ/m3"
2020/09/14,雲嘉南空品區,嘉義市,42,嘉義站,嘉義大學新民校區,戴奧辛,0.0217603126448405,"pg I-TEQ/m3"
2020/09/14,雲嘉南空品區,嘉義縣,39,新港站,新港國小,戴奧辛,0.0683206829102352,"pg I-TEQ/m3"
2020/10/05,中部空品區,雲林縣,38,崙背站,崙背國中,戴奧辛,0.0378716,"pg I-TEQ/m3"
2020/10/05,中部空品區,彰化縣,33,彰化站,延平社區活動中心,戴奧辛,0.0096636,"pg I-TEQ/m3"
2020/10/05,中部空品區,南投縣,36,南投站,康壽國小,戴奧辛,0.0123053,"pg I-TEQ/m3"
2020/10/05,中部空品區,台中市,32,西屯站,台中啟聰學校,戴奧辛,0.0037078,"pg I-TEQ/m3"
2020/10/05,中部空品區,台中市,30,大里站,大里市公所,戴奧辛,0.0055929,"pg I-TEQ/m3"
2020/10/05,竹苗空品區,苗栗縣,26,苗栗站,苗栗縣議會,戴奧辛,0.0052241,"pg I-TEQ/m3"
2020/10/05,竹苗空品區,新竹市,24,新竹站,東門國小,戴奧辛,0.0104238,"pg I-TEQ/m3"
2020/10/05,北部空品區,新竹縣,22,湖口站,信勢國小,戴奧辛,0.0135972,"pg I-TEQ/m3"
2020/10/05,北部空品區,桃園市,17,桃園站,桃園農工,戴奧辛,0.0066371,"pg I-TEQ/m3"
2020/10/05,北部空品區,台北市,15,松山站,松山國小,戴奧辛,0.0029355,"pg I-TEQ/m3"
2020/10/05,北部空品區,新北市,2,汐止站,樟樹國小,戴奧辛,0.0023062,"pg I-TEQ/m3"
2020/10/05,北部空品區,新北市,3,萬里站,綜合商場,戴奧辛,0.0024512,"pg I-TEQ/m3"
2020/05/25,花東空品區,台東縣,62,台東站,台東縣政府,戴奧辛,0.00556944962880013,"pg I-TEQ/m3"
2020/05/18,花東空品區,花蓮縣,63,花蓮站,中正國小,戴奧辛,0.0092802,"pg I-TEQ/m3"
2020/05/18,宜蘭空品區,宜蘭縣,65,宜蘭站,復興國中,戴奧辛,0.0054601,"pg I-TEQ/m3"
2020/05/11,高屏空品區,屏東縣,59,屏東站,中正國小,戴奧辛,0.0249636891793754,"pg I-TEQ/m3"
2020/05/11,高屏空品區,高雄市,53,楠梓站,楠梓國小,戴奧辛,0.0253301616533661,"pg I-TEQ/m3"
2020/05/11,雲嘉南空品區,高雄市,49,仁武站,八卦國小,戴奧辛,0.0255361639051332,"pg I-TEQ/m3"
2020/05/18,雲嘉南空品區,台南市,46,台南站,中山國中,戴奧辛,0.0167438609287625,"pg I-TEQ/m3"
2020/05/18,雲嘉南空品區,台南市,43,新營站,新營國小,戴奧辛,0.0116860679970436,"pg I-TEQ/m3"
2020/05/18,雲嘉南空品區,嘉義市,42,嘉義站,嘉義大學新民校區,戴奧辛,0.0125929029588247,"pg I-TEQ/m3"
2020/05/18,雲嘉南空品區,嘉義縣,39,新港站,新港國小,戴奧辛,0.0157188828172435,"pg I-TEQ/m3"
2020/05/18,中部空品區,雲林縣,38,崙背站,崙背國中,戴奧辛,0.0340361,"pg I-TEQ/m3"
2020/05/18,中部空品區,彰化縣,33,彰化站,延平社區活動中心,戴奧辛,0.0120002,"pg I-TEQ/m3"
2020/05/18,中部空品區,南投縣,36,南投站,康壽國小,戴奧辛,0.0069186,"pg I-TEQ/m3"
2020/05/18,中部空品區,台中市,32,西屯站,台中啟聰學校,戴奧辛,0.0477037,"pg I-TEQ/m3"
2020/05/18,中部空品區,台中市,30,大里站,大里市公所,戴奧辛,0.0100146,"pg I-TEQ/m3"
2020/05/11,竹苗空品區,苗栗縣,26,苗栗站,苗栗縣議會,戴奧辛,0.0174101,"pg I-TEQ/m3"
2020/05/11,竹苗空品區,新竹市,24,新竹站,東門國小,戴奧辛,0.0086711,"pg I-TEQ/m3"
2020/05/11,北部空品區,新竹縣,22,湖口站,信勢國小,戴奧辛,0.0382049,"pg I-TEQ/m3"
2020/05/11,北部空品區,桃園市,17,桃園站,桃園農工,戴奧辛,0.0040686,"pg I-TEQ/m3"
2020/05/11,北部空品區,台北市,15,松山站,松山國小,戴奧辛,0.0042847,"pg I-TEQ/m3"
2020/05/18,北部空品區,新北市,2,汐止站,樟樹國小,戴奧辛,0.0042415,"pg I-TEQ/m3"
2020/05/18,北部空品區,新北市,3,萬里站,綜合商場,戴奧辛,0.0041368,"pg I-TEQ/m3"
2019/10/28,花東空品區,台東縣,62,台東站,台東縣政府,戴奧辛,0.0068162,"pg I-TEQ/m3"
2019/10/21,花東空品區,花蓮縣,63,花蓮站,中正國小,戴奧辛,0.0083557,"pg I-TEQ/m3"
2019/10/21,宜蘭空品區,宜蘭縣,65,宜蘭站,復興國中,戴奧辛,0.0119669,"pg I-TEQ/m3"
2019/10/28,高屏空品區,屏東縣,59,屏東站,中正國小,戴奧辛,0.0237289,"pg I-TEQ/m3"
2019/10/28,高屏空品區,高雄市,53,楠梓站,楠梓國小,戴奧辛,0.0245068,"pg I-TEQ/m3"
2019/10/28,雲嘉南空品區,高雄市,49,仁武站,八卦國小,戴奧辛,0.0270747,"pg I-TEQ/m3"
2019/10/28,雲嘉南空品區,台南市,46,台南站,中山國中,戴奧辛,0.0472608,"pg I-TEQ/m3"
2019/10/28,雲嘉南空品區,台南市,43,新營站,新營國小,戴奧辛,0.0291805,"pg I-TEQ/m3"
2019/10/28,雲嘉南空品區,嘉義市,42,嘉義站,嘉義大學新民校區,戴奧辛,0.0559,"pg I-TEQ/m3"
2019/10/28,雲嘉南空品區,嘉義縣,39,新港站,新港國小,戴奧辛,0.0333603,"pg I-TEQ/m3"
2019/10/14,中部空品區,雲林縣,38,崙背站,崙背國中,戴奧辛,0.0472075,"pg I-TEQ/m3"
2019/10/14,中部空品區,彰化縣,33,彰化站,延平社區活動中心,戴奧辛,0.0419846,"pg I-TEQ/m3"
2019/10/14,中部空品區,南投縣,36,南投站,康壽國小,戴奧辛,0.0140589,"pg I-TEQ/m3"
2019/10/14,中部空品區,台中市,32,西屯站,台中啟聰學校,戴奧辛,0.0139841,"pg I-TEQ/m3"
2019/10/14,中部空品區,台中市,30,大里站,大里市公所,戴奧辛,0.0181961,"pg I-TEQ/m3"
2019/10/14,竹苗空品區,苗栗縣,26,苗栗站,苗栗縣議會,戴奧辛,0.0074653,"pg I-TEQ/m3"
2019/10/14,竹苗空品區,新竹市,24,新竹站,東門國小,戴奧辛,0.0129104,"pg I-TEQ/m3"
2019/10/14,北部空品區,新竹縣,22,湖口站,信勢國小,戴奧辛,0.0120893,"pg I-TEQ/m3"
2019/10/14,北部空品區,桃園市,17,桃園站,桃園農工,戴奧辛,0.0079966,"pg I-TEQ/m3"
2019/10/14,北部空品區,台北市,15,松山站,松山國小,戴奧辛,0.0046515,"pg I-TEQ/m3"
2019/10/21,北部空品區,新北市,2,汐止站,樟樹國小,戴奧辛,0.009319,"pg I-TEQ/m3"
2019/10/21,北部空品區,新北市,3,萬里站,綜合商場,戴奧辛,0.0054642,"pg I-TEQ/m3"
2019/05/27,花東空品區,台東縣,62,台東站,台東縣政府,戴奧辛,0.0033183,"pg I-TEQ/m3"
2019/05/20,花東空品區,花蓮縣,63,花蓮站,中正國小,戴奧辛,0.0048652,"pg I-TEQ/m3"
2019/05/20,宜蘭空品區,宜蘭縣,65,宜蘭站,復興國中,戴奧辛,0.0097638,"pg I-TEQ/m3"
2019/05/27,高屏空品區,屏東縣,59,屏東站,中正國小,戴奧辛,0.022049,"pg I-TEQ/m3"
2019/05/27,高屏空品區,高雄市,53,楠梓站,楠梓國小,戴奧辛,0.0119033,"pg I-TEQ/m3"
2019/05/27,雲嘉南空品區,高雄市,49,仁武站,八卦國小,戴奧辛,0.0093252,"pg I-TEQ/m3"
2019/05/27,雲嘉南空品區,台南市,46,台南站,中山國中,戴奧辛,0.0518995,"pg I-TEQ/m3"
2019/05/27,雲嘉南空品區,台南市,43,新營站,新營國小,戴奧辛,0.0283807,"pg I-TEQ/m3"
2019/05/27,雲嘉南空品區,嘉義市,42,嘉義站,嘉義大學新民校區,戴奧辛,0.0584008,"pg I-TEQ/m3"
2019/05/27,雲嘉南空品區,嘉義縣,39,新港站,新港國小,戴奧辛,0.0217918,"pg I-TEQ/m3"
2019/05/06,中部空品區,雲林縣,38,崙背站,崙背國中,戴奧辛,0.0284985,"pg I-TEQ/m3"
2019/05/06,中部空品區,彰化縣,33,彰化站,延平社區活動中心,戴奧辛,0.0198215,"pg I-TEQ/m3"
2019/05/06,中部空品區,南投縣,36,南投站,康壽國小,戴奧辛,0.0261828,"pg I-TEQ/m3"
2019/05/06,中部空品區,台中市,32,西屯站,台中啟聰學校,戴奧辛,0.0205635,"pg I-TEQ/m3"
2019/05/06,中部空品區,台中市,30,大里站,大里市公所,戴奧辛,0.0135278,"pg I-TEQ/m3"
2019/05/20,竹苗空品區,苗栗縣,26,苗栗站,苗栗縣議會,戴奧辛,0.0185953,"pg I-TEQ/m3"
2019/05/20,竹苗空品區,新竹市,24,新竹站,東門國小,戴奧辛,0.0150961,"pg I-TEQ/m3"
2019/05/20,北部空品區,新竹縣,22,湖口站,信勢國小,戴奧辛,0.0294206,"pg I-TEQ/m3"
2019/05/20,北部空品區,桃園市,17,桃園站,桃園農工,戴奧辛,0.0133439,"pg I-TEQ/m3"
2019/05/20,北部空品區,台北市,15,松山站,松山國小,戴奧辛,0.0104119,"pg I-TEQ/m3"
2019/05/20,北部空品區,新北市,2,汐止站,樟樹國小,戴奧辛,0.0074697,"pg I-TEQ/m3"
2019/05/20,北部空品區,新北市,3,萬里站,綜合商場,戴奧辛,0.0066055,"pg I-TEQ/m3"
2019/08/12,花東空品區,台東縣,62,台東站,台東縣政府,戴奧辛,0.0084913,"pg I-TEQ/m3"
2019/08/12,宜蘭空品區,宜蘭縣,65,宜蘭站,復興國中,戴奧辛,0.006968,"pg I-TEQ/m3"
2019/08/12,花東空品區,花蓮縣,63,花蓮站,中正國小,戴奧辛,0.0092864,"pg I-TEQ/m3"
2019/08/12,高屏空品區,高雄市,53,楠梓站,楠梓國小,戴奧辛,0.0054785,"pg I-TEQ/m3"
2019/08/12,雲嘉南空品區,高雄市,49,仁武站,八卦國小,戴奧辛,0.0063748,"pg I-TEQ/m3"
2019/08/12,雲嘉南空品區,台南市,46,台南站,中山國中,戴奧辛,0.0081302,"pg I-TEQ/m3"
2019/08/12,雲嘉南空品區,台南市,43,新營站,新營國小,戴奧辛,0.005731,"pg I-TEQ/m3"
2019/08/12,雲嘉南空品區,嘉義市,42,嘉義站,嘉義大學新民校區,戴奧辛,0.0081085,"pg I-TEQ/m3"
2019/08/12,雲嘉南空品區,嘉義縣,39,新港站,新港國小,戴奧辛,0.0059521,"pg I-TEQ/m3"
2019/08/05,中部空品區,雲林縣,38,崙背站,崙背國中,戴奧辛,0.0278711,"pg I-TEQ/m3"
2019/08/05,中部空品區,彰化縣,33,彰化站,延平社區活動中心,戴奧辛,0.0225125,"pg I-TEQ/m3"
2019/08/05,中部空品區,南投縣,36,南投站,康壽國小,戴奧辛,0.0199694,"pg I-TEQ/m3"
2019/08/05,中部空品區,台中市,32,西屯站,台中啟聰學校,戴奧辛,0.0151244,"pg I-TEQ/m3"
2019/08/05,中部空品區,台中市,30,大里站,大里市公所,戴奧辛,0.041204,"pg I-TEQ/m3"
2019/08/05,竹苗空品區,苗栗縣,26,苗栗站,苗栗縣議會,戴奧辛,0.0184374,"pg I-TEQ/m3"
2019/08/05,竹苗空品區,新竹市,24,新竹站,東門國小,戴奧辛,0.0048876,"pg I-TEQ/m3"
2019/08/05,北部空品區,新竹縣,22,湖口站,信勢國小,戴奧辛,0.0164988,"pg I-TEQ/m3"
2019/08/05,北部空品區,桃園市,17,桃園站,桃園農工,戴奧辛,0.0043935,"pg I-TEQ/m3"
2019/08/05,北部空品區,台北市,15,松山站,松山國小,戴奧辛,0.0085169,"pg I-TEQ/m3"
2019/08/12,北部空品區,新北市,2,汐止站,樟樹國小,戴奧辛,0.0146315,"pg I-TEQ/m3"
2019/08/12,北部空品區,新北市,3,萬里站,綜合商場,戴奧辛,0.0300609,"pg I-TEQ/m3"
2019/03/04,花東空品區,台東縣,62,台東站,台東縣政府,戴奧辛,0.0065552,"pg I-TEQ/m3"
2019/03/04,宜蘭空品區,宜蘭縣,65,宜蘭站,復興國中,戴奧辛,0.0127068,"pg I-TEQ/m3"
2019/03/04,花東空品區,花蓮縣,63,花蓮站,中正國小,戴奧辛,0.0075831,"pg I-TEQ/m3"
2019/03/04,高屏空品區,高雄市,53,楠梓站,楠梓國小,戴奧辛,0.0372079,"pg I-TEQ/m3"
2019/03/04,雲嘉南空品區,高雄市,49,仁武站,八卦國小,戴奧辛,0.0335536,"pg I-TEQ/m3"
2019/02/19,雲嘉南空品區,台南市,46,台南站,中山國中,戴奧辛,0.064608,"pg I-TEQ/m3"
2019/02/19,雲嘉南空品區,台南市,43,新營站,新營國小,戴奧辛,0.0380742,"pg I-TEQ/m3"
2019/02/19,雲嘉南空品區,嘉義市,42,嘉義站,嘉義大學新民校區,戴奧辛,0.044297,"pg I-TEQ/m3"
2019/02/19,雲嘉南空品區,嘉義縣,39,新港站,新港國小,戴奧辛,0.052056,"pg I-TEQ/m3"
2019/03/04,中部空品區,雲林縣,38,崙背站,崙背國中,戴奧辛,0.0521271,"pg I-TEQ/m3"
2019/03/04,中部空品區,彰化縣,33,彰化站,延平社區活動中心,戴奧辛,0.0312669,"pg I-TEQ/m3"
2019/03/04,中部空品區,南投縣,36,南投站,康壽國小,戴奧辛,0.0243573,"pg I-TEQ/m3"
2019/03/04,中部空品區,台中市,32,西屯站,台中啟聰學校,戴奧辛,0.0245978,"pg I-TEQ/m3"
2019/03/04,中部空品區,台中市,30,大里站,大里市公所,戴奧辛,0.0341204,"pg I-TEQ/m3"
2019/02/19,竹苗空品區,苗栗縣,26,苗栗站,苗栗縣議會,戴奧辛,0.0303338,"pg I-TEQ/m3"
2019/02/19,竹苗空品區,新竹市,24,新竹站,東門國小,戴奧辛,0.0313517,"pg I-TEQ/m3"
2019/02/19,北部空品區,新竹縣,22,湖口站,信勢國小,戴奧辛,0.0385816,"pg I-TEQ/m3"
2019/02/19,北部空品區,桃園市,17,桃園站,桃園農工,戴奧辛,0.0191968,"pg I-TEQ/m3"
2019/03/04,北部空品區,台北市,15,松山站,松山國小,戴奧辛,0.0147895,"pg I-TEQ/m3"
2019/02/19,北部空品區,新北市,2,汐止站,樟樹國小,戴奧辛,0.0059988,"pg I-TEQ/m3"
2019/03/04,北部空品區,新北市,3,萬里站,綜合商場,戴奧辛,0.0133601,"pg I-TEQ/m3"
2018/10/08,宜蘭空品區,宜蘭縣,65,宜蘭站,復興國中,戴奧辛,0.0042018,"pg I-TEQ/m3"
2018/10/08,花東空品區,花蓮縣,63,花蓮站,中正國小,戴奧辛,0.0066947,"pg I-TEQ/m3"
2018/10/20,花東空品區,台東縣,62,台東站,台東縣政府,戴奧辛,0.0165477066470444,"pg I-TEQ/m3"
2018/10/09,高屏空品區,屏東縣,60,潮州站,潮南國小,戴奧辛,0.0202081180017227,"pg I-TEQ/m3"
2018/10/09,高屏空品區,屏東縣,59,屏東站,中正國小,戴奧辛,0.0229102704678363,"pg I-TEQ/m3"
2018/10/09,高屏空品區,高雄市,53,楠梓站,楠梓國小,戴奧辛,0.0241658436213992,"pg I-TEQ/m3"
2018/10/09,雲嘉南空品區,高雄市,49,仁武站,八卦國小,戴奧辛,0.029183950617284,"pg I-TEQ/m3"
2018/10/01,雲嘉南空品區,台南市,46,台南站,中山國中,戴奧辛,0.0711746790941052,"pg I-TEQ/m3"
2018/10/01,雲嘉南空品區,台南市,43,新營站,新營國小,戴奧辛,0.0505125697754961,"pg I-TEQ/m3"
2018/10/01,雲嘉南空品區,嘉義市,42,嘉義站,嘉義大學新民校區,戴奧辛,0.120345401581357,"pg I-TEQ/m3"
2018/10/01,雲嘉南空品區,嘉義縣,39,新港站,新港國小,戴奧辛,0.0343340110832038,"pg I-TEQ/m3"
2018/10/08,中部空品區,雲林縣,38,崙背站,崙背國中,戴奧辛,0.0342699,"pg I-TEQ/m3"
2018/10/08,中部空品區,南投縣,36,南投站,康壽國小,戴奧辛,0.0315666,"pg I-TEQ/m3"
2018/10/08,中部空品區,彰化縣,33,彰化站,延平社區活動中心,戴奧辛,0.0144128,"pg I-TEQ/m3"
2018/10/08,中部空品區,台中市,32,西屯站,台中啟聰學校,戴奧辛,0.0255015,"pg I-TEQ/m3"
2018/10/08,中部空品區,台中市,30,大里站,大里市公所,戴奧辛,0.0246859,"pg I-TEQ/m3"
2018/10/08,竹苗空品區,苗栗縣,26,苗栗站,苗栗縣議會,戴奧辛,0.0220124,"pg I-TEQ/m3"
2018/10/08,竹苗空品區,新竹市,24,新竹站,東門國小,戴奧辛,0.0131608,"pg I-TEQ/m3"
2018/10/08,北部空品區,新竹縣,22,湖口站,信勢國小,戴奧辛,0.0144475,"pg I-TEQ/m3"
2018/10/08,北部空品區,桃園市,17,桃園站,桃園農工,戴奧辛,0.0107169,"pg I-TEQ/m3"
2018/10/08,北部空品區,新北市,3,萬里站,綜合商場,戴奧辛,0.0033289,"pg I-TEQ/m3"
2018/10/08,北部空品區,台北市,15,松山站,松山國小,戴奧辛,0.0051387,"pg I-TEQ/m3"
2018/10/08,北部空品區,新北市,2,汐止站,樟樹國小,戴奧辛,0.0051505,"pg I-TEQ/m3"
2018/08/06,宜蘭空品區,宜蘭縣,65,宜蘭站,復興國中,戴奧辛,0.0066556,"pg I-TEQ/m3"
2018/08/06,花東空品區,花蓮縣,63,花蓮站,中正國小,戴奧辛,0.005468,"pg I-TEQ/m3"
2018/08/11,花東空品區,台東縣,62,台東站,台東縣政府,戴奧辛,0.015378000494927,"pg I-TEQ/m3"
2018/08/20,高屏空品區,屏東縣,59,屏東站,中正國小,戴奧辛,0.00856039094650206,"pg I-TEQ/m3"
2018/08/20,高屏空品區,高雄市,53,楠梓站,楠梓國小,戴奧辛,0.0324231855173559,"pg I-TEQ/m3"
2018/08/20,雲嘉南空品區,高雄市,49,仁武站,八卦國小,戴奧辛,0.0422190186838624,"pg I-TEQ/m3"
2018/08/27,雲嘉南空品區,台南市,46,台南站,中山國中,戴奧辛,0.0115895061728395,"pg I-TEQ/m3"
2018/08/27,雲嘉南空品區,台南市,43,新營站,新營國小,戴奧辛,0.00653020897992965,"pg I-TEQ/m3"
2018/08/27,雲嘉南空品區,嘉義市,42,嘉義站,嘉義大學新民校區,戴奧辛,0.0039383910792513,"pg I-TEQ/m3"
2018/08/27,雲嘉南空品區,嘉義縣,39,新港站,新港國小,戴奧辛,0.00626181368724445,"pg I-TEQ/m3"
2018/08/06,中部空品區,雲林縣,38,崙背站,崙背國中,戴奧辛,0.0230791,"pg I-TEQ/m3"
2018/08/06,中部空品區,南投縣,36,南投站,康壽國小,戴奧辛,0.0137159,"pg I-TEQ/m3"
2018/08/06,中部空品區,彰化縣,33,彰化站,延平社區活動中心,戴奧辛,0.0266446,"pg I-TEQ/m3"
2018/08/06,中部空品區,台中市,32,西屯站,台中啟聰學校,戴奧辛,0.0160298,"pg I-TEQ/m3"
2018/08/06,中部空品區,台中市,30,大里站,大里市公所,戴奧辛,0.0091327,"pg I-TEQ/m3"
2018/08/06,竹苗空品區,苗栗縣,26,苗栗站,苗栗縣議會,戴奧辛,0.0109877,"pg I-TEQ/m3"
2018/08/06,竹苗空品區,新竹市,24,新竹站,東門國小,戴奧辛,0.0094371,"pg I-TEQ/m3"
2018/08/06,北部空品區,新竹縣,22,湖口站,信勢國小,戴奧辛,0.0356156,"pg I-TEQ/m3"
2018/08/06,北部空品區,桃園市,17,桃園站,桃園農工,戴奧辛,0.0123377,"pg I-TEQ/m3"
2018/08/06,北部空品區,台北市,15,松山站,松山國小,戴奧辛,0.005416,"pg I-TEQ/m3"
2018/08/06,北部空品區,新北市,3,萬里站,綜合商場,戴奧辛,0.0018356,"pg I-TEQ/m3"
2018/08/06,北部空品區,新北市,2,汐止站,樟樹國小,戴奧辛,0.0132322,"pg I-TEQ/m3"
2018/05/07,宜蘭空品區,宜蘭縣,65,宜蘭站,復興國中,戴奧辛,0.003845,"pg I-TEQ/m3"
2018/05/07,花東空品區,花蓮縣,63,花蓮站,中正國小,戴奧辛,0.0077444,"pg I-TEQ/m3"
2018/05/22,花東空品區,台東縣,62,台東站,台東縣政府,戴奧辛,0.0194723350149707,"pg I-TEQ/m3"
2018/05/18,高屏空品區,屏東縣,59,屏東站,中正國小,戴奧辛,0.0315274670643798,"pg I-TEQ/m3"
2018/05/18,高屏空品區,高雄市,53,楠梓站,楠梓國小,戴奧辛,0.0224788989669942,"pg I-TEQ/m3"
2018/05/18,雲嘉南空品區,高雄市,49,仁武站,八卦國小,戴奧辛,0.0196982361320597,"pg I-TEQ/m3"
2018/05/22,雲嘉南空品區,台南市,46,台南站,中山國中,戴奧辛,0.059568306010929,"pg I-TEQ/m3"
2018/05/22,雲嘉南空品區,台南市,43,新營站,新營國小,戴奧辛,0.025114581985944,"pg I-TEQ/m3"
2018/05/22,雲嘉南空品區,嘉義市,42,嘉義站,嘉義大學新民校區,戴奧辛,0.0263172043010753,"pg I-TEQ/m3"
2018/05/22,雲嘉南空品區,嘉義縣,39,新港站,新港國小,戴奧辛,0.0578601617052554,"pg I-TEQ/m3"
2018/05/07,中部空品區,雲林縣,38,崙背站,崙背國中,戴奧辛,0.0175533,"pg I-TEQ/m3"
2018/05/07,中部空品區,南投縣,36,南投站,康壽國小,戴奧辛,0.0216329,"pg I-TEQ/m3"
2018/05/07,中部空品區,彰化縣,33,彰化站,延平社區活動中心,戴奧辛,0.0132897,"pg I-TEQ/m3"
2018/05/07,中部空品區,台中市,32,西屯站,台中啟聰學校,戴奧辛,0.0187273,"pg I-TEQ/m3"
2018/05/07,中部空品區,台中市,30,大里站,大里市公所,戴奧辛,0.0287428,"pg I-TEQ/m3"
2018/05/07,竹苗空品區,苗栗縣,26,苗栗站,苗栗縣議會,戴奧辛,0.0116841,"pg I-TEQ/m3"
2018/05/07,竹苗空品區,新竹市,24,新竹站,東門國小,戴奧辛,0.0379361,"pg I-TEQ/m3"
2018/05/07,北部空品區,新竹縣,22,湖口站,信勢國小,戴奧辛,0.0125713,"pg I-TEQ/m3"
2018/05/07,北部空品區,桃園市,17,桃園站,桃園農工,戴奧辛,0.0488446,"pg I-TEQ/m3"
2018/05/07,北部空品區,台北市,15,松山站,松山國小,戴奧辛,0.013222,"pg I-TEQ/m3"
2018/05/07,北部空品區,新北市,2,汐止站,樟樹國小,戴奧辛,0.0052309,"pg I-TEQ/m3"
2018/05/07,北部空品區,新北市,3,萬里站,綜合商場,戴奧辛,0.0020483,"pg I-TEQ/m3"
2018/03/19,宜蘭空品區,宜蘭縣,65,宜蘭站,復興國中,戴奧辛,0.0126162,"pg I-TEQ/m3"
2018/03/19,花東空品區,花蓮縣,63,花蓮站,中正國小,戴奧辛,0.0152078,"pg I-TEQ/m3"
2018/03/26,花東空品區,台東縣,62,台東站,台東縣政府,戴奧辛,0.0383606440870695,"pg I-TEQ/m3"
2018/03/26,高屏空品區,屏東縣,60,潮州站,潮南國小,戴奧辛,0.0226413580246914,"pg I-TEQ/m3"
2018/03/26,高屏空品區,屏東縣,59,屏東站,中正國小,戴奧辛,0.0347493961352657,"pg I-TEQ/m3"
2018/03/26,高屏空品區,高雄市,53,楠梓站,楠梓國小,戴奧辛,0.0395558385896814,"pg I-TEQ/m3"
2018/03/26,雲嘉南空品區,高雄市,49,仁武站,八卦國小,戴奧辛,0.0366428170594837,"pg I-TEQ/m3"
2018/03/20,雲嘉南空品區,台南市,46,台南站,中山國中,戴奧辛,0.0342464539007092,"pg I-TEQ/m3"
2018/03/20,雲嘉南空品區,台南市,43,新營站,新營國小,戴奧辛,0.0347365661601773,"pg I-TEQ/m3"
2018/03/20,雲嘉南空品區,嘉義市,42,嘉義站,嘉義大學新民校區,戴奧辛,0.0530112462247656,"pg I-TEQ/m3"
2018/03/20,雲嘉南空品區,嘉義縣,39,新港站,新港國小,戴奧辛,0.0419371240899019,"pg I-TEQ/m3"
2018/03/19,中部空品區,雲林縣,38,崙背站,崙背國中,戴奧辛,0.0123884,"pg I-TEQ/m3"
2018/03/19,中部空品區,南投縣,36,南投站,康壽國小,戴奧辛,0.0250248,"pg I-TEQ/m3"
2018/03/19,中部空品區,彰化縣,33,彰化站,延平社區活動中心,戴奧辛,0.0330762,"pg I-TEQ/m3"
2018/03/19,中部空品區,台中市,32,西屯站,台中啟聰學校,戴奧辛,0.0163738,"pg I-TEQ/m3"
2018/03/19,中部空品區,台中市,30,大里站,大里市公所,戴奧辛,0.0271978,"pg I-TEQ/m3"
2018/03/19,竹苗空品區,苗栗縣,26,苗栗站,苗栗縣議會,戴奧辛,0.0167373,"pg I-TEQ/m3"
2018/03/19,竹苗空品區,新竹市,24,新竹站,東門國小,戴奧辛,0.023047,"pg I-TEQ/m3"
2018/03/19,北部空品區,新竹縣,22,湖口站,信勢國小,戴奧辛,0.0254013,"pg I-TEQ/m3"
2018/03/19,北部空品區,桃園市,17,桃園站,桃園農工,戴奧辛,0.0203465,"pg I-TEQ/m3"
2018/03/19,北部空品區,台北市,15,松山站,松山國小,戴奧辛,0.0146792,"pg I-TEQ/m3"
2018/03/19,北部空品區,新北市,2,汐止站,樟樹國小,戴奧辛,0.0144737,"pg I-TEQ/m3"
2018/03/19,北部空品區,新北市,3,萬里站,綜合商場,戴奧辛,0.0167717,"pg I-TEQ/m3"
2017/10/16,宜蘭空品區,宜蘭縣,65,宜蘭站,復興國中,戴奧辛,0.0037065,"pg I-TEQ/m3"
2017/10/16,花東空品區,花蓮縣,63,花蓮站,中正國小,戴奧辛,0.0028775,"pg I-TEQ/m3"
2017/10/23,花東空品區,台東縣,62,台東站,台東縣政府,戴奧辛,0.0140883504650025,"pg I-TEQ/m3"
2017/10/13,高屏空品區,屏東縣,59,屏東站,中正國小,戴奧辛,0.0563237910399482,"pg I-TEQ/m3"
2017/10/13,高屏空品區,高雄市,53,楠梓站,楠梓國小,戴奧辛,0.0319801354217654,"pg I-TEQ/m3"
2017/10/13,雲嘉南空品區,高雄市,49,仁武站,八卦國小,戴奧辛,0.0233623700454841,"pg I-TEQ/m3"
2017/10/27,雲嘉南空品區,台南市,46,台南站,中山國中,戴奧辛,0.0467279916081659,"pg I-TEQ/m3"
2017/10/27,雲嘉南空品區,台南市,43,新營站,新營國小,戴奧辛,0.044309358646708,"pg I-TEQ/m3"
2017/10/27,雲嘉南空品區,嘉義市,42,嘉義站,嘉義大學新民校區,戴奧辛,0.0525674792764098,"pg I-TEQ/m3"
2017/10/27,雲嘉南空品區,嘉義縣,39,新港站,新港國小,戴奧辛,0.0429108735444172,"pg I-TEQ/m3"
2017/10/23,中部空品區,雲林縣,38,崙背站,崙背國中,戴奧辛,0.032885,"pg I-TEQ/m3"
2017/10/23,中部空品區,南投縣,36,南投站,康壽國小,戴奧辛,0.021657,"pg I-TEQ/m3"
2017/10/23,中部空品區,彰化縣,33,彰化站,延平社區活動中心,戴奧辛,0.017286,"pg I-TEQ/m3"
2017/10/23,中部空品區,台中市,32,西屯站,台中啟聰學校,戴奧辛,0.0137855,"pg I-TEQ/m3"
2017/10/23,中部空品區,台中市,30,大里站,大里市公所,戴奧辛,0.0231183,"pg I-TEQ/m3"
2017/10/16,竹苗空品區,苗栗縣,26,苗栗站,苗栗縣議會,戴奧辛,0.0071944,"pg I-TEQ/m3"
2017/10/16,竹苗空品區,新竹市,24,新竹站,東門國小,戴奧辛,0.0123034,"pg I-TEQ/m3"
2017/10/16,北部空品區,新竹縣,22,湖口站,信勢國小,戴奧辛,0.0151009,"pg I-TEQ/m3"
2017/10/16,北部空品區,桃園市,17,桃園站,桃園農工,戴奧辛,0.008947,"pg I-TEQ/m3"
2017/10/16,北部空品區,台北市,15,松山站,松山國小,戴奧辛,0.1090902,"pg I-TEQ/m3"
2017/10/16,北部空品區,新北市,2,汐止站,樟樹國小,戴奧辛,0.0020237,"pg I-TEQ/m3"
2017/10/16,北部空品區,新北市,3,萬里站,綜合商場,戴奧辛,0.0060359,"pg I-TEQ/m3"
2017/08/07,宜蘭空品區,宜蘭縣,65,宜蘭站,復興國中,戴奧辛,0.0120479,"pg I-TEQ/m3"
2017/08/07,花東空品區,花蓮縣,63,花蓮站,中正國小,戴奧辛,0.0116166,"pg I-TEQ/m3"
2017/08/14,花東空品區,台東縣,62,台東站,台東縣政府,戴奧辛,0.0115549029205417,"pg I-TEQ/m3"
2017/08/18,高屏空品區,屏東縣,59,屏東站,中正國小,戴奧辛,0.0286025050806686,"pg I-TEQ/m3"
2017/08/18,高屏空品區,高雄市,53,楠梓站,楠梓國小,戴奧辛,0.0267814100949022,"pg I-TEQ/m3"
2017/08/18,雲嘉南空品區,高雄市,49,仁武站,八卦國小,戴奧辛,0.0313991314323173,"pg I-TEQ/m3"
2017/08/15,雲嘉南空品區,台南市,46,台南站,中山國中,戴奧辛,0.0150536223036223,"pg I-TEQ/m3"
2017/08/15,雲嘉南空品區,台南市,43,新營站,新營國小,戴奧辛,0.0120095291479821,"pg I-TEQ/m3"
2017/08/11,雲嘉南空品區,嘉義市,42,嘉義站,嘉義大學新民校區,戴奧辛,0.00849630880880881,"pg I-TEQ/m3"
2017/08/11,雲嘉南空品區,嘉義縣,39,新港站,新港國小,戴奧辛,0.0170443905874555,"pg I-TEQ/m3"
2017/08/01,中部空品區,雲林縣,38,崙背站,崙背國中,戴奧辛,0.0103,"pg I-TEQ/m3"
2017/08/01,中部空品區,南投縣,36,南投站,康壽國小,戴奧辛,0.0046603,"pg I-TEQ/m3"
2017/08/01,中部空品區,彰化縣,33,彰化站,延平社區活動中心,戴奧辛,0.0140268,"pg I-TEQ/m3"
2017/08/01,中部空品區,台中市,32,西屯站,台中啟聰學校,戴奧辛,0.0128342,"pg I-TEQ/m3"
2017/08/01,中部空品區,台中市,30,大里站,大里市公所,戴奧辛,0.0211131,"pg I-TEQ/m3"
2017/08/07,竹苗空品區,苗栗縣,26,苗栗站,苗栗縣議會,戴奧辛,0.0099228,"pg I-TEQ/m3"
2017/08/07,竹苗空品區,新竹市,24,新竹站,東門國小,戴奧辛,0.0116886,"pg I-TEQ/m3"
2017/08/07,北部空品區,新竹縣,22,湖口站,信勢國小,戴奧辛,0.0114263,"pg I-TEQ/m3"
2017/08/07,北部空品區,桃園市,17,桃園站,桃園農工,戴奧辛,0.0225799,"pg I-TEQ/m3"
2017/08/07,北部空品區,台北市,15,松山站,松山國小,戴奧辛,0.0134761,"pg I-TEQ/m3"
2017/08/07,北部空品區,新北市,2,汐止站,樟樹國小,戴奧辛,0.0143393,"pg I-TEQ/m3"
2017/08/07,北部空品區,新北市,3,萬里站,綜合商場,戴奧辛,0.0090771,"pg I-TEQ/m3"
2017/05/08,宜蘭空品區,宜蘭縣,65,宜蘭站,復興國中,戴奧辛,0.0074874,"pg I-TEQ/m3"
2017/05/08,花東空品區,花蓮縣,63,花蓮站,中正國小,戴奧辛,0.0086116,"pg I-TEQ/m3"
2017/05/14,花東空品區,台東縣,62,台東站,台東縣政府,戴奧辛,0.0124080206033848,"pg I-TEQ/m3"
2017/05/19,高屏空品區,屏東縣,59,屏東站,中正國小,戴奧辛,0.0277405349794239,"pg I-TEQ/m3"
2017/05/19,高屏空品區,高雄市,53,楠梓站,楠梓國小,戴奧辛,0.0284941361383146,"pg I-TEQ/m3"
2017/05/19,雲嘉南空品區,高雄市,49,仁武站,八卦國小,戴奧辛,0.0279613596280263,"pg I-TEQ/m3"
2017/05/15,雲嘉南空品區,台南市,46,台南站,中山國中,戴奧辛,0.0527296572397744,"pg I-TEQ/m3"
2017/05/15,雲嘉南空品區,台南市,43,新營站,新營國小,戴奧辛,0.0726277035431965,"pg I-TEQ/m3"
2017/05/15,雲嘉南空品區,嘉義市,42,嘉義站,嘉義大學新民校區,戴奧辛,0.0517586644460306,"pg I-TEQ/m3"
2017/05/15,雲嘉南空品區,嘉義縣,39,新港站,新港國小,戴奧辛,0.0584717717717718,"pg I-TEQ/m3"
2017/05/02,中部空品區,雲林縣,38,崙背站,崙背國中,戴奧辛,0.078753,"pg I-TEQ/m3"
2017/05/02,中部空品區,南投縣,36,南投站,康壽國小,戴奧辛,0.0231985,"pg I-TEQ/m3"
2017/05/02,中部空品區,彰化縣,33,彰化站,延平社區活動中心,戴奧辛,0.0502511,"pg I-TEQ/m3"
2017/05/02,中部空品區,台中市,32,西屯站,台中啟聰學校,戴奧辛,0.0427385,"pg I-TEQ/m3"
2017/05/02,中部空品區,台中市,30,大里站,大里市公所,戴奧辛,0.030539,"pg I-TEQ/m3"
2017/05/08,竹苗空品區,苗栗縣,26,苗栗站,苗栗縣議會,戴奧辛,0.0158404,"pg I-TEQ/m3"
2017/05/08,竹苗空品區,新竹市,24,新竹站,東門國小,戴奧辛,0.0164487,"pg I-TEQ/m3"
2017/05/08,北部空品區,新竹縣,22,湖口站,信勢國小,戴奧辛,0.0234907,"pg I-TEQ/m3"
2017/05/08,北部空品區,桃園市,17,桃園站,桃園農工,戴奧辛,0.0230432,"pg I-TEQ/m3"
2017/05/09,北部空品區,台北市,15,松山站,松山國小,戴奧辛,0.0103605,"pg I-TEQ/m3"
2017/05/08,北部空品區,新北市,2,汐止站,樟樹國小,戴奧辛,0.0153822,"pg I-TEQ/m3"
2017/05/08,北部空品區,新北市,3,萬里站,綜合商場,戴奧辛,0.0096159,"pg I-TEQ/m3"
2017/03/06,宜蘭空品區,宜蘭縣,65,宜蘭站,復興國中,戴奧辛,0.0097328,"pg I-TEQ/m3"
2017/03/05,花東空品區,台東縣,62,台東站,台東縣政府,戴奧辛,0.0311124082056194,"pg I-TEQ/m3"
2017/03/06,花東空品區,花蓮縣,63,花蓮站,中正國小,戴奧辛,0.0253835,"pg I-TEQ/m3"
2017/03/06,高屏空品區,高雄市,53,楠梓站,楠梓國小,戴奧辛,0.0613152356902357,"pg I-TEQ/m3"
2017/03/06,雲嘉南空品區,高雄市,49,仁武站,八卦國小,戴奧辛,0.12149767480485,"pg I-TEQ/m3"
2017/03/01,雲嘉南空品區,台南市,46,台南站,中山國中,戴奧辛,0.0998933265062297,"pg I-TEQ/m3"
2017/03/01,雲嘉南空品區,台南市,43,新營站,新營國小,戴奧辛,0.0965906234288587,"pg I-TEQ/m3"
2017/03/01,雲嘉南空品區,嘉義市,42,嘉義站,嘉義大學新民校區,戴奧辛,0.104553872053872,"pg I-TEQ/m3"
2017/03/01,雲嘉南空品區,嘉義縣,39,新港站,新港國小,戴奧辛,0.125535168195719,"pg I-TEQ/m3"
2017/03/13,中部空品區,雲林縣,38,崙背站,崙背國中,戴奧辛,0.0955316,"pg I-TEQ/m3"
2017/03/13,中部空品區,南投縣,36,南投站,康壽國小,戴奧辛,0.0605382,"pg I-TEQ/m3"
2017/03/13,中部空品區,彰化縣,33,彰化站,延平社區活動中心,戴奧辛,0.0358704,"pg I-TEQ/m3"
2017/03/13,中部空品區,台中市,32,西屯站,台中啟聰學校,戴奧辛,0.0323052,"pg I-TEQ/m3"
2017/03/13,中部空品區,台中市,30,大里站,大里市公所,戴奧辛,0.0757779,"pg I-TEQ/m3"
2017/03/06,竹苗空品區,苗栗縣,26,苗栗站,苗栗縣議會,戴奧辛,0.0195665,"pg I-TEQ/m3"
2017/03/06,竹苗空品區,新竹市,24,新竹站,東門國小,戴奧辛,0.0266827,"pg I-TEQ/m3"
2017/03/06,北部空品區,新竹縣,22,湖口站,信勢國小,戴奧辛,0.0315987,"pg I-TEQ/m3"
2017/03/06,北部空品區,桃園市,17,桃園站,桃園農工,戴奧辛,0.02739,"pg I-TEQ/m3"
2017/03/06,北部空品區,台北市,15,松山站,松山國小,戴奧辛,0.0257981,"pg I-TEQ/m3"
2017/03/06,北部空品區,新北市,2,汐止站,樟樹國小,戴奧辛,0.0131779,"pg I-TEQ/m3"
2017/03/06,北部空品區,新北市,3,萬里站,綜合商場,戴奧辛,0.012473,"pg I-TEQ/m3"
2016/10/11,宜蘭空品區,宜蘭縣,65,宜蘭站,復興國中,戴奧辛,0.0035683,"pg I-TEQ/m3"
2016/10/11,花東空品區,花蓮縣,63,花蓮站,中正國小,戴奧辛,0.0032311,"pg I-TEQ/m3"
2016/10/03,花東空品區,台東縣,62,台東站,台東縣政府,戴奧辛,0.0115142417730586,"pg I-TEQ/m3"
2016/10/28,高屏空品區,屏東縣,59,屏東站,中正國小,戴奧辛,0.171557582260372,"pg I-TEQ/m3"
2016/10/24,高屏空品區,高雄市,53,楠梓站,楠梓國小,戴奧辛,0.0353173601090268,"pg I-TEQ/m3"
2016/10/24,雲嘉南空品區,高雄市,49,仁武站,八卦國小,戴奧辛,0.0320994637171108,"pg I-TEQ/m3"
2016/10/24,雲嘉南空品區,台南市,46,台南站,中山國中,戴奧辛,0.0788123947811448,"pg I-TEQ/m3"
2016/10/08,雲嘉南空品區,台南市,43,新營站,新營國小,戴奧辛,0.0823181365221724,"pg I-TEQ/m3"
2016/10/08,雲嘉南空品區,嘉義市,42,嘉義站,嘉義大學新民校區,戴奧辛,0.0744825102880659,"pg I-TEQ/m3"
2016/10/24,雲嘉南空品區,嘉義縣,39,新港站,新港國小,戴奧辛,0.107651234567901,"pg I-TEQ/m3"
2016/10/17,中部空品區,雲林縣,38,崙背站,崙背國中,戴奧辛,0.1031156,"pg I-TEQ/m3"
2016/10/17,中部空品區,南投縣,36,南投站,康壽國小,戴奧辛,0.0422843,"pg I-TEQ/m3"
2016/10/17,中部空品區,彰化縣,33,彰化站,延平社區活動中心,戴奧辛,0.0899467,"pg I-TEQ/m3"
2016/10/17,中部空品區,台中市,32,西屯站,台中啟聰學校,戴奧辛,0.0667662,"pg I-TEQ/m3"
2016/10/17,中部空品區,台中市,30,大里站,大里市公所,戴奧辛,0.0799953,"pg I-TEQ/m3"
2016/10/11,竹苗空品區,苗栗縣,26,苗栗站,苗栗縣議會,戴奧辛,0.0110601,"pg I-TEQ/m3"
2016/10/11,竹苗空品區,新竹市,24,新竹站,東門國小,戴奧辛,0.0055615,"pg I-TEQ/m3"
2016/10/11,北部空品區,新竹縣,22,湖口站,信勢國小,戴奧辛,0.0035103,"pg I-TEQ/m3"
2016/10/11,北部空品區,桃園市,17,桃園站,桃園農工,戴奧辛,0.0130264,"pg I-TEQ/m3"
2016/10/11,北部空品區,台北市,15,松山站,松山國小,戴奧辛,0.0034426,"pg I-TEQ/m3"
2016/10/11,北部空品區,新北市,3,萬里站,綜合商場,戴奧辛,0.001986,"pg I-TEQ/m3"
2016/10/11,北部空品區,新北市,2,汐止站,樟樹國小,戴奧辛,0.0048588,"pg I-TEQ/m3"
2016/08/08,宜蘭空品區,宜蘭縣,65,宜蘭站,復興國中,戴奧辛,0.0065833,"pg I-TEQ/m3"
2016/08/08,花東空品區,花蓮縣,63,花蓮站,中正國小,戴奧辛,0.0017884,"pg I-TEQ/m3"
2016/08/09,花東空品區,台東縣,62,台東站,台東縣政府,戴奧辛,0.0121,"pg I-TEQ/m3"
2016/08/12,高屏空品區,屏東縣,59,屏東站,中正國小,戴奧辛,0.0835,"pg I-TEQ/m3"
2016/08/12,高屏空品區,高雄市,53,楠梓站,楠梓國小,戴奧辛,0.0425,"pg I-TEQ/m3"
2016/08/12,雲嘉南空品區,高雄市,49,仁武站,八卦國小,戴奧辛,0.0421,"pg I-TEQ/m3"
2016/08/16,雲嘉南空品區,台南市,46,台南站,中山國中,戴奧辛,0.016,"pg I-TEQ/m3"
2016/08/16,雲嘉南空品區,台南市,43,新營站,新營國小,戴奧辛,0.0189,"pg I-TEQ/m3"
2016/08/15,雲嘉南空品區,嘉義市,42,嘉義站,嘉義大學新民校區,戴奧辛,0.0147,"pg I-TEQ/m3"
2016/08/15,雲嘉南空品區,嘉義縣,39,新港站,新港國小,戴奧辛,0.0175,"pg I-TEQ/m3"
2016/08/15,中部空品區,雲林縣,38,崙背站,崙背國中,戴奧辛,0.0120991,"pg I-TEQ/m3"
2016/08/15,中部空品區,南投縣,36,南投站,康壽國小,戴奧辛,0.0059893,"pg I-TEQ/m3"
2016/08/15,中部空品區,彰化縣,33,彰化站,延平社區活動中心,戴奧辛,0.012282,"pg I-TEQ/m3"
2016/08/15,中部空品區,台中市,32,西屯站,台中啟聰學校,戴奧辛,0.0135803,"pg I-TEQ/m3"
2016/08/15,中部空品區,台中市,30,大里站,大里市公所,戴奧辛,0.0149667,"pg I-TEQ/m3"
2016/08/08,竹苗空品區,苗栗縣,26,苗栗站,苗栗縣議會,戴奧辛,0.0195861,"pg I-TEQ/m3"
2016/08/08,竹苗空品區,新竹市,24,新竹站,東門國小,戴奧辛,0.0194305,"pg I-TEQ/m3"
2016/08/08,北部空品區,新竹縣,22,湖口站,信勢國小,戴奧辛,0.0222858,"pg I-TEQ/m3"
2016/08/08,北部空品區,桃園市,17,桃園站,桃園農工,戴奧辛,0.0155723,"pg I-TEQ/m3"
2016/08/08,北部空品區,台北市,15,松山站,松山國小,戴奧辛,0.0132386,"pg I-TEQ/m3"
2016/08/08,北部空品區,新北市,3,萬里站,綜合商場,戴奧辛,0.013334,"pg I-TEQ/m3"
2016/08/08,北部空品區,新北市,2,汐止站,樟樹國小,戴奧辛,0.0174303,"pg I-TEQ/m3"
2016/05/09,宜蘭空品區,宜蘭縣,65,宜蘭站,復興國中,戴奧辛,0.0090451,"pg I-TEQ/m3"
2016/05/09,花東空品區,花蓮縣,63,花蓮站,中正國小,戴奧辛,0.0055181,"pg I-TEQ/m3"
2016/05/17,花東空品區,台東縣,62,台東站,台東縣政府,戴奧辛,0.00601257220523275,"pg I-TEQ/m3"
2016/05/16,高屏空品區,屏東縣,59,屏東站,中正國小,戴奧辛,0.0456822273662552,"pg I-TEQ/m3"
2016/05/16,高屏空品區,高雄市,53,楠梓站,楠梓國小,戴奧辛,0.0690001660853679,"pg I-TEQ/m3"
2016/05/16,雲嘉南空品區,高雄市,49,仁武站,八卦國小,戴奧辛,0.0613580935846561,"pg I-TEQ/m3"
2016/05/13,雲嘉南空品區,台南市,46,台南站,中山國中,戴奧辛,0.0252327615634067,"pg I-TEQ/m3"
2016/05/13,雲嘉南空品區,台南市,43,新營站,新營國小,戴奧辛,0.0257095274007039,"pg I-TEQ/m3"
2016/05/03,雲嘉南空品區,嘉義市,42,嘉義站,嘉義大學新民校區,戴奧辛,0.0202048768225239,"pg I-TEQ/m3"
2016/05/03,雲嘉南空品區,嘉義縣,39,新港站,新港國小,戴奧辛,0.0306998910675381,"pg I-TEQ/m3"
2016/05/16,中部空品區,雲林縣,38,崙背站,崙背國中,戴奧辛,0.088051,"pg I-TEQ/m3"
2016/05/16,中部空品區,南投縣,36,南投站,康壽國小,戴奧辛,0.0165896,"pg I-TEQ/m3"
2016/05/16,中部空品區,彰化縣,33,彰化站,延平社區活動中心,戴奧辛,0.0217249,"pg I-TEQ/m3"
2016/05/16,中部空品區,台中市,32,西屯站,台中啟聰學校,戴奧辛,0.0208637,"pg I-TEQ/m3"
2016/05/16,中部空品區,台中市,30,大里站,大里市公所,戴奧辛,0.0085377,"pg I-TEQ/m3"
2016/05/09,竹苗空品區,苗栗縣,26,苗栗站,苗栗縣議會,戴奧辛,0.0138708,"pg I-TEQ/m3"
2016/05/09,竹苗空品區,新竹市,24,新竹站,東門國小,戴奧辛,0.0155225,"pg I-TEQ/m3"
2016/05/09,北部空品區,新竹縣,22,湖口站,信勢國小,戴奧辛,0.013249,"pg I-TEQ/m3"
2016/05/09,北部空品區,桃園市,17,桃園站,桃園農工,戴奧辛,0.033628,"pg I-TEQ/m3"
2016/05/09,北部空品區,台北市,15,松山站,松山國小,戴奧辛,0.0098951,"pg I-TEQ/m3"
2016/05/09,北部空品區,新北市,3,萬里站,綜合商場,戴奧辛,0.0081343,"pg I-TEQ/m3"
2016/05/09,北部空品區,新北市,2,汐止站,忠厚市場,戴奧辛,0.0086023,"pg I-TEQ/m3"
2016/03/21,宜蘭空品區,宜蘭縣,65,宜蘭站,復興國中,戴奧辛,0.0062063,"pg I-TEQ/m3"
2016/03/25,花東空品區,台東縣,62,台東站,台東縣政府,戴奧辛,0.0145500578703704,"pg I-TEQ/m3"
2016/03/21,花東空品區,花蓮縣,63,花蓮站,中正國小,戴奧辛,0.0080201,"pg I-TEQ/m3"
2016/03/21,高屏空品區,高雄市,53,楠梓站,楠梓國小,戴奧辛,0.0488626342793009,"pg I-TEQ/m3"
2016/03/21,雲嘉南空品區,高雄市,49,仁武站,八卦國小,戴奧辛,0.0499648644179894,"pg I-TEQ/m3"
2016/03/25,雲嘉南空品區,台南市,46,台南站,中山國中,戴奧辛,0.0562230111277196,"pg I-TEQ/m3"
2016/03/21,雲嘉南空品區,台南市,43,新營站,新營國小,戴奧辛,0.04575,"pg I-TEQ/m3"
2016/03/25,雲嘉南空品區,嘉義市,42,嘉義站,嘉義大學新民校區,戴奧辛,0.0538657407407408,"pg I-TEQ/m3"
2016/03/21,雲嘉南空品區,嘉義縣,39,新港站,新港國小,戴奧辛,0.0560185185185185,"pg I-TEQ/m3"
2016/03/28,中部空品區,雲林縣,38,崙背站,崙背國中,戴奧辛,0.084874,"pg I-TEQ/m3"
2016/03/28,中部空品區,南投縣,36,南投站,康壽國小,戴奧辛,0.0300805,"pg I-TEQ/m3"
2016/03/28,中部空品區,彰化縣,33,彰化站,延平社區活動中心,戴奧辛,0.0340368,"pg I-TEQ/m3"
2016/03/28,中部空品區,台中市,32,西屯站,台中啟聰學校,戴奧辛,0.0438411,"pg I-TEQ/m3"
2016/03/28,中部空品區,台中市,30,大里站,大里市公所,戴奧辛,0.022801,"pg I-TEQ/m3"
2016/03/28,竹苗空品區,苗栗縣,26,苗栗站,苗栗縣議會,戴奧辛,0.0192478,"pg I-TEQ/m3"
2016/03/21,竹苗空品區,新竹市,24,新竹站,東門國小,戴奧辛,0.015145,"pg I-TEQ/m3"
2016/03/21,北部空品區,新竹縣,22,湖口站,信勢國小,戴奧辛,0.0160345,"pg I-TEQ/m3"
2016/03/21,北部空品區,桃園市,17,桃園站,桃園農工,戴奧辛,0.0090316,"pg I-TEQ/m3"
2016/03/21,北部空品區,台北市,15,松山站,松山國小,戴奧辛,0.0210594,"pg I-TEQ/m3"
2016/03/21,北部空品區,新北市,3,萬里站,綜合商場,戴奧辛,0.0064666,"pg I-TEQ/m3"
2016/03/21,北部空品區,新北市,2,汐止站,忠厚市場,戴奧辛,0.0044052,"pg I-TEQ/m3"
2015/10/06,北部空品區,新北市,67,三重站,新北市三重區三和路重陽路交口,戴奧辛,0.0087047,"pg I-TEQ/m3"
2015/10/05,宜蘭空品區,宜蘭縣,65,宜蘭站,復興國中,戴奧辛,0.0043016,"pg I-TEQ/m3"
2015/10/05,花東空品區,花蓮縣,63,花蓮站,中正國小,戴奧辛,0.0066016,"pg I-TEQ/m3"
2015/10/09,花東空品區,台東縣,62,台東站,台東縣政府,戴奧辛,0.0145500578703704,"pg I-TEQ/m3"
2015/10/12,高屏空品區,屏東縣,59,屏東站,中正國小,戴奧辛,0.0564214214214214,"pg I-TEQ/m3"
2015/10/09,高屏空品區,高雄市,57,前鎮站,獅甲國中,戴奧辛,0.0263666544834308,"pg I-TEQ/m3"
2015/10/13,高屏空品區,高雄市,53,楠梓站,楠梓國小,戴奧辛,0.0351077118785452,"pg I-TEQ/m3"
2015/10/12,高屏空品區,高雄市,50,鳳山站,曹公國小,戴奧辛,0.0308305976430976,"pg I-TEQ/m3"
2015/10/13,雲嘉南空品區,高雄市,49,仁武站,八卦國小,戴奧辛,0.0489949094115761,"pg I-TEQ/m3"
2015/10/09,雲嘉南空品區,台南市,46,台南站,中山國中,戴奧辛,0.0364280227536954,"pg I-TEQ/m3"
2015/10/16,雲嘉南空品區,台南市,43,新營站,新營國小,戴奧辛,0.0296284059389786,"pg I-TEQ/m3"
2015/10/16,雲嘉南空品區,嘉義市,42,嘉義站,嘉義大學新民校區,戴奧辛,0.0914269547325103,"pg I-TEQ/m3"
2015/10/16,雲嘉南空品區,嘉義縣,39,新港站,新港國小,戴奧辛,0.0372302874141109,"pg I-TEQ/m3"
2015/10/12,中部空品區,雲林縣,38,崙背站,崙背國中,戴奧辛,0.0423951,"pg I-TEQ/m3"
2015/10/12,中部空品區,南投縣,36,南投站,康壽國小,戴奧辛,0.0357218,"pg I-TEQ/m3"
2015/10/12,中部空品區,彰化縣,33,彰化站,延平社區活動中心,戴奧辛,0.0248496,"pg I-TEQ/m3"
2015/10/12,中部空品區,台中市,32,西屯站,台中啟聰學校,戴奧辛,0.021654,"pg I-TEQ/m3"
2015/10/12,中部空品區,台中市,30,大里站,大里市公所,戴奧辛,0.038165,"pg I-TEQ/m3"
2015/10/12,竹苗空品區,苗栗縣,26,苗栗站,苗栗縣議會,戴奧辛,0.0192662,"pg I-TEQ/m3"
2015/10/05,竹苗空品區,新竹市,24,新竹站,東門國小,戴奧辛,0.0144006,"pg I-TEQ/m3"
2015/10/05,北部空品區,新竹縣,22,湖口站,信勢國小,戴奧辛,0.0349237,"pg I-TEQ/m3"
2015/10/05,北部空品區,桃園市,17,桃園站,桃園農工,戴奧辛,0.0457839,"pg I-TEQ/m3"
2015/10/05,北部空品區,台北市,16,大同站,重慶北路與民權西路交叉口,戴奧辛,0.0066892,"pg I-TEQ/m3"
2015/10/05,北部空品區,台北市,15,松山站,松山國小,戴奧辛,0.0069432,"pg I-TEQ/m3"
2015/10/05,北部空品區,新北市,2,汐止站,樟樹國小,戴奧辛,0.0077624,"pg I-TEQ/m3"
2015/08/04,北部空品區,新北市,67,三重站,新北市三重區三和路重陽路交口,戴奧辛,0.0096054,"pg I-TEQ/m3"
2015/08/03,宜蘭空品區,宜蘭縣,65,宜蘭站,復興國中,戴奧辛,0.0137535,"pg I-TEQ/m3"
2015/08/03,花東空品區,花蓮縣,63,花蓮站,中正國小,戴奧辛,0.0140094,"pg I-TEQ/m3"
2015/08/24,花東空品區,台東縣,62,台東站,台東縣政府,戴奧辛,0.0115381581132702,"pg I-TEQ/m3"
2015/08/18,高屏空品區,屏東縣,59,屏東站,中正國小,戴奧辛,0.0224764384920635,"pg I-TEQ/m3"
2015/08/10,高屏空品區,高雄市,57,前鎮站,獅甲國中,戴奧辛,0.0217221003898635,"pg I-TEQ/m3"
2015/08/14,高屏空品區,高雄市,53,楠梓站,楠梓國小,戴奧辛,0.0224580055719436,"pg I-TEQ/m3"
2015/08/10,高屏空品區,高雄市,50,鳳山站,曹公國小,戴奧辛,0.024112585118751,"pg I-TEQ/m3"
2015/08/14,雲嘉南空品區,高雄市,49,仁武站,八卦國小,戴奧辛,0.026248079411289,"pg I-TEQ/m3"
2015/08/14,雲嘉南空品區,台南市,46,台南站,中山國中,戴奧辛,0.0243556754298942,"pg I-TEQ/m3"
2015/08/11,雲嘉南空品區,台南市,43,新營站,新營國小,戴奧辛,0.020555350704687,"pg I-TEQ/m3"
2015/08/11,雲嘉南空品區,嘉義市,42,嘉義站,嘉義大學新民校區,戴奧辛,0.0438714499252616,"pg I-TEQ/m3"
2015/08/11,雲嘉南空品區,嘉義縣,39,新港站,新港國小,戴奧辛,0.0241028829047388,"pg I-TEQ/m3"
2015/08/10,中部空品區,雲林縣,38,崙背站,崙背國中,戴奧辛,0.0110103,"pg I-TEQ/m3"
2015/08/10,中部空品區,南投縣,36,南投站,康壽國小,戴奧辛,0.0073555,"pg I-TEQ/m3"
2015/08/10,中部空品區,彰化縣,33,彰化站,延平社區活動中心,戴奧辛,0.0163848,"pg I-TEQ/m3"
2015/08/10,中部空品區,台中市,32,西屯站,台中啟聰學校,戴奧辛,0.016356,"pg I-TEQ/m3"
2015/08/10,中部空品區,台中市,30,大里站,大里市公所,戴奧辛,0.0160064,"pg I-TEQ/m3"
2015/08/10,竹苗空品區,苗栗縣,26,苗栗站,苗栗縣議會,戴奧辛,0.010088,"pg I-TEQ/m3"
2015/08/03,竹苗空品區,新竹市,24,新竹站,東門國小,戴奧辛,0.0295489,"pg I-TEQ/m3"
2015/08/03,北部空品區,新竹縣,22,湖口站,信勢國小,戴奧辛,0.0354565,"pg I-TEQ/m3"
2015/08/03,北部空品區,桃園市,17,桃園站,桃園農工,戴奧辛,0.0280815,"pg I-TEQ/m3"
2015/08/03,北部空品區,台北市,16,大同站,重慶北路與民權西路交叉口,戴奧辛,0.0108982,"pg I-TEQ/m3"
2015/08/03,北部空品區,台北市,15,松山站,松山國小,戴奧辛,0.0094523,"pg I-TEQ/m3"
2015/08/03,北部空品區,新北市,2,汐止站,樟樹國小,戴奧辛,0.011276,"pg I-TEQ/m3"
2015/05/04,北部空品區,新北市,67,三重站,新北市三重區三和路重陽路交口,戴奧辛,0.0301611,"pg I-TEQ/m3"
2015/05/04,宜蘭空品區,宜蘭縣,65,宜蘭站,復興國中,戴奧辛,0.0629781,"pg I-TEQ/m3"
2015/05/05,花東空品區,花蓮縣,63,花蓮站,中正國小,戴奧辛,0.0108438,"pg I-TEQ/m3"
2015/05/19,花東空品區,台東縣,62,台東站,台東縣政府,戴奧辛,0.017397501668335,"pg I-TEQ/m3"
2015/05/22,高屏空品區,屏東縣,59,屏東站,中正國小,戴奧辛,0.0245479844485369,"pg I-TEQ/m3"
2015/05/22,高屏空品區,高雄市,57,前鎮站,獅甲國中,戴奧辛,0.0299580788949482,"pg I-TEQ/m3"
2015/05/15,高屏空品區,高雄市,53,楠梓站,楠梓國小,戴奧辛,0.0509525305848835,"pg I-TEQ/m3"
2015/05/15,高屏空品區,高雄市,50,鳳山站,曹公國小,戴奧辛,0.0275608164983165,"pg I-TEQ/m3"
2015/05/15,雲嘉南空品區,高雄市,49,仁武站,八卦國小,戴奧辛,0.0291202660994328,"pg I-TEQ/m3"
2015/05/15,雲嘉南空品區,台南市,46,台南站,中山國中,戴奧辛,0.0130362309854497,"pg I-TEQ/m3"
2015/05/11,雲嘉南空品區,台南市,43,新營站,新營國小,戴奧辛,0.0318185894227561,"pg I-TEQ/m3"
2015/05/11,雲嘉南空品區,嘉義市,42,嘉義站,嘉義大學新民校區,戴奧辛,0.0483996212121212,"pg I-TEQ/m3"
2015/05/11,雲嘉南空品區,嘉義縣,39,新港站,新港國小,戴奧辛,0.0357202439223364,"pg I-TEQ/m3"
2015/05/11,中部空品區,雲林縣,38,崙背站,崙背國中,戴奧辛,0.0274463,"pg I-TEQ/m3"
2015/05/11,中部空品區,南投縣,36,南投站,康壽國小,戴奧辛,0.0114076,"pg I-TEQ/m3"
2015/05/11,中部空品區,彰化縣,33,彰化站,延平社區活動中心,戴奧辛,0.0338573,"pg I-TEQ/m3"
2015/05/11,中部空品區,台中市,32,西屯站,台中啟聰學校,戴奧辛,0.0338525,"pg I-TEQ/m3"
2015/05/11,中部空品區,台中市,30,大里站,大里市公所,戴奧辛,0.0254183,"pg I-TEQ/m3"
2015/05/11,竹苗空品區,苗栗縣,26,苗栗站,苗栗縣議會,戴奧辛,0.0179506,"pg I-TEQ/m3"
2015/05/04,竹苗空品區,新竹市,24,新竹站,東門國小,戴奧辛,0.0205697,"pg I-TEQ/m3"
2015/05/04,北部空品區,新竹縣,22,湖口站,信勢國小,戴奧辛,0.0206472,"pg I-TEQ/m3"
2015/05/04,北部空品區,桃園市,17,桃園站,桃園農工,戴奧辛,0.0231119,"pg I-TEQ/m3"
2015/05/05,北部空品區,台北市,16,大同站,重慶北路與民權西路交叉口,戴奧辛,0.016572,"pg I-TEQ/m3"
2015/05/04,北部空品區,台北市,15,松山站,松山國小,戴奧辛,0.019217,"pg I-TEQ/m3"
2015/05/04,北部空品區,新北市,3,萬里站,綜合商場,戴奧辛,0.0049672,"pg I-TEQ/m3"
2015/05/04,北部空品區,新北市,2,汐止站,樟樹國小,戴奧辛,0.0200316,"pg I-TEQ/m3"
2015/02/02,北部空品區,新北市,67,三重站,新北市三重區三和路重陽路交口,戴奧辛,0.0125818,"pg I-TEQ/m3"
2015/02/02,宜蘭空品區,宜蘭縣,65,宜蘭站,復興國中,戴奧辛,0.0128915,"pg I-TEQ/m3"
2015/02/03,花東空品區,花蓮縣,63,花蓮站,中正國小,戴奧辛,0.0100899,"pg I-TEQ/m3"
2015/02/04,花東空品區,台東縣,62,台東站,台東縣政府,戴奧辛,0.018231853505291,"pg I-TEQ/m3"
2015/02/05,高屏空品區,屏東縣,59,屏東站,中正國小,戴奧辛,0.058759906194404,"pg I-TEQ/m3"
2015/02/09,高屏空品區,高雄市,57,前鎮站,獅甲國中,戴奧辛,0.110978535353535,"pg I-TEQ/m3"
2015/02/13,高屏空品區,高雄市,53,楠梓站,楠梓國小,戴奧辛,0.0889169472502806,"pg I-TEQ/m3"
2015/02/09,高屏空品區,高雄市,50,鳳山站,曹公國小,戴奧辛,0.118623832165499,"pg I-TEQ/m3"
2015/02/13,雲嘉南空品區,高雄市,49,仁武站,八卦國小,戴奧辛,0.0802201646090535,"pg I-TEQ/m3"
2015/02/13,雲嘉南空品區,台南市,46,台南站,中山國中,戴奧辛,0.137668832823649,"pg I-TEQ/m3"
2015/02/09,雲嘉南空品區,台南市,43,新營站,新營國小,戴奧辛,0.0923227038697891,"pg I-TEQ/m3"
2015/02/09,雲嘉南空品區,嘉義市,42,嘉義站,嘉義大學新民校區,戴奧辛,0.148661997126437,"pg I-TEQ/m3"
2015/02/09,雲嘉南空品區,嘉義縣,39,新港站,新港國小,戴奧辛,0.124712678687459,"pg I-TEQ/m3"
2015/02/09,中部空品區,雲林縣,38,崙背站,崙背國中,戴奧辛,0.0807539,"pg I-TEQ/m3"
2015/02/09,中部空品區,南投縣,36,南投站,康壽國小,戴奧辛,0.0425633,"pg I-TEQ/m3"
2015/02/09,中部空品區,彰化縣,33,彰化站,延平社區活動中心,戴奧辛,0.1007293,"pg I-TEQ/m3"
2015/02/09,中部空品區,台中市,32,西屯站,台中啟聰學校,戴奧辛,0.0692905,"pg I-TEQ/m3"
2015/02/09,中部空品區,台中市,30,大里站,大里市公所,戴奧辛,0.0622473,"pg I-TEQ/m3"
2015/02/09,竹苗空品區,苗栗縣,26,苗栗站,苗栗縣議會,戴奧辛,0.095241,"pg I-TEQ/m3"
2015/02/02,竹苗空品區,新竹市,24,新竹站,東門國小,戴奧辛,0.2548998,"pg I-TEQ/m3"
2015/02/02,北部空品區,新竹縣,22,湖口站,信勢國小,戴奧辛,0.0395362,"pg I-TEQ/m3"
2015/02/02,北部空品區,桃園市,17,桃園站,桃園農工,戴奧辛,0.0293726,"pg I-TEQ/m3"
2015/02/03,北部空品區,台北市,16,大同站,重慶北路與民權西路交叉口,戴奧辛,0.0112838,"pg I-TEQ/m3"
2015/02/02,北部空品區,台北市,15,松山站,松山國小,戴奧辛,0.029802,"pg I-TEQ/m3"
2015/02/02,北部空品區,新北市,3,萬里站,綜合商場,戴奧辛,0.0168475,"pg I-TEQ/m3"
2015/02/02,北部空品區,新北市,2,汐止站,樟樹國小,戴奧辛,0.0301264,"pg I-TEQ/m3"
2014/10/13,北部空品區,新北市,70,永和站,永和中山公園,戴奧辛,0.0272713,"pg I-TEQ/m3"
2014/10/13,宜蘭空品區,宜蘭縣,65,宜蘭站,復興國中,戴奧辛,0.034594,"pg I-TEQ/m3"
2014/10/13,花東空品區,花蓮縣,63,花蓮站,中正國小,戴奧辛,0.0282251,"pg I-TEQ/m3"
2014/10/21,花東空品區,台東縣,62,台東站,台東縣政府,戴奧辛,0.006,"pg I-TEQ/m3"
2014/10/06,高屏空品區,屏東縣,59,屏東站,中正國小,戴奧辛,0.0434096482327076,"pg I-TEQ/m3"
2014/10/06,高屏空品區,高雄市,57,前鎮站,獅甲國中,戴奧辛,0.0313892017017017,"pg I-TEQ/m3"
2014/10/17,高屏空品區,高雄市,53,楠梓站,楠梓國小,戴奧辛,0.0533088235294118,"pg I-TEQ/m3"
2014/10/17,雲嘉南空品區,高雄市,49,仁武站,八卦國小,戴奧辛,0.0555873705459014,"pg I-TEQ/m3"
2014/10/13,雲嘉南空品區,台南市,46,台南站,中山國中,戴奧辛,0.0831208777270421,"pg I-TEQ/m3"
2014/10/14,雲嘉南空品區,台南市,43,新營站,新營國小,戴奧辛,0.0804839312406577,"pg I-TEQ/m3"
2014/10/13,雲嘉南空品區,嘉義縣,39,新港站,新港國小,戴奧辛,0.157577519379845,"pg I-TEQ/m3"
2014/10/06,中部空品區,雲林縣,38,崙背站,崙背國中,戴奧辛,0.0530585,"pg I-TEQ/m3"
2014/10/06,中部空品區,南投縣,36,南投站,康壽國小,戴奧辛,0.0164112,"pg I-TEQ/m3"
2014/10/06,中部空品區,彰化縣,33,彰化站,延平社區活動中心,戴奧辛,0.0259065,"pg I-TEQ/m3"
2014/10/06,中部空品區,台中市,32,西屯站,台中啟聰學校,戴奧辛,0.0222138,"pg I-TEQ/m3"
2014/10/06,中部空品區,台中市,30,大里站,大里市公所,戴奧辛,0.0200112,"pg I-TEQ/m3"
2014/10/06,竹苗空品區,苗栗縣,26,苗栗站,苗栗縣議會,戴奧辛,0.0060769,"pg I-TEQ/m3"
2014/10/06,竹苗空品區,新竹市,24,新竹站,東門國小,戴奧辛,0.0107601,"pg I-TEQ/m3"
2014/10/13,北部空品區,新竹縣,22,湖口站,信勢國小,戴奧辛,0.0462911,"pg I-TEQ/m3"
2014/10/13,北部空品區,桃園市,17,桃園站,桃園農工,戴奧辛,0.0263996,"pg I-TEQ/m3"
2014/10/13,北部空品區,台北市,15,松山站,松山國小,戴奧辛,0.027829,"pg I-TEQ/m3"
2014/10/14,北部空品區,新北市,3,萬里站,綜合商場,戴奧辛,0.0237735,"pg I-TEQ/m3"
2014/10/14,北部空品區,新北市,2,汐止站,樟樹國小,戴奧辛,0.0247059,"pg I-TEQ/m3"
2014/08/04,北部空品區,新北市,70,永和站,永和中山公園,戴奧辛,0.0075918,"pg I-TEQ/m3"
2014/08/04,宜蘭空品區,宜蘭縣,65,宜蘭站,復興國中,戴奧辛,0.0065042,"pg I-TEQ/m3"
2014/08/05,花東空品區,花蓮縣,63,花蓮站,中正國小,戴奧辛,0.0009706,"pg I-TEQ/m3"
2014/08/12,花東空品區,台東縣,62,台東站,台東縣政府,戴奧辛,0.00965288204871538,"pg I-TEQ/m3"
2014/08/07,高屏空品區,屏東縣,59,屏東站,中正國小,戴奧辛,0.023041087962963,"pg I-TEQ/m3"
2014/08/07,高屏空品區,高雄市,57,前鎮站,獅甲國中,戴奧辛,0.0201712962962963,"pg I-TEQ/m3"
2014/08/08,高屏空品區,高雄市,53,楠梓站,楠梓國小,戴奧辛,0.031130522338482,"pg I-TEQ/m3"
2014/08/12,雲嘉南空品區,高雄市,49,仁武站,八卦國小,戴奧辛,0.0357047672672673,"pg I-TEQ/m3"
2014/08/12,雲嘉南空品區,台南市,46,台南站,中山國中,戴奧辛,0.00862975823045268,"pg I-TEQ/m3"
2014/08/11,雲嘉南空品區,台南市,43,新營站,新營國小,戴奧辛,0.00823639367066597,"pg I-TEQ/m3"
2014/08/11,雲嘉南空品區,嘉義縣,39,新港站,新港國小,戴奧辛,0.00826686204553177,"pg I-TEQ/m3"
2014/08/11,中部空品區,雲林縣,38,崙背站,崙背國中,戴奧辛,0.0027745,"pg I-TEQ/m3"
2014/08/11,中部空品區,南投縣,36,南投站,康壽國小,戴奧辛,0.0024047,"pg I-TEQ/m3"
2014/08/11,中部空品區,彰化縣,33,彰化站,延平社區活動中心,戴奧辛,0.0087861,"pg I-TEQ/m3"
2014/08/11,中部空品區,台中市,32,西屯站,台中啟聰學校,戴奧辛,0.0131518,"pg I-TEQ/m3"
2014/08/11,中部空品區,台中市,30,大里站,大里市公所,戴奧辛,0.0189783,"pg I-TEQ/m3"
2014/08/11,竹苗空品區,苗栗縣,26,苗栗站,苗栗縣議會,戴奧辛,0.0039336,"pg I-TEQ/m3"
2014/08/11,竹苗空品區,新竹市,24,新竹站,東門國小,戴奧辛,0.0040435,"pg I-TEQ/m3"
2014/08/04,北部空品區,新竹縣,22,湖口站,信勢國小,戴奧辛,0.0238316,"pg I-TEQ/m3"
2014/08/04,北部空品區,桃園市,17,桃園站,桃園農工,戴奧辛,0.0207177,"pg I-TEQ/m3"
2014/08/04,北部空品區,台北市,15,松山站,松山國小,戴奧辛,0.0129918,"pg I-TEQ/m3"
2014/08/04,北部空品區,新北市,3,萬里站,綜合商場,戴奧辛,0.0041783,"pg I-TEQ/m3"
2014/08/04,北部空品區,新北市,2,汐止站,樟樹國小,戴奧辛,0.0074973,"pg I-TEQ/m3"
2014/05/05,北部空品區,新北市,70,永和站,永和中山公園,戴奧辛,0.0228396,"pg I-TEQ/m3"
2014/05/05,宜蘭空品區,宜蘭縣,65,宜蘭站,復興國中,戴奧辛,0.0105302,"pg I-TEQ/m3"
2014/05/05,花東空品區,花蓮縣,63,花蓮站,中正國小,戴奧辛,0.0096521,"pg I-TEQ/m3"
2014/05/12,花東空品區,台東縣,62,台東站,台東縣政府,戴奧辛,0.00786825638423812,"pg I-TEQ/m3"
2014/05/23,高屏空品區,屏東縣,59,屏東站,中正國小,戴奧辛,0.0331890611541774,"pg I-TEQ/m3"
2014/05/16,高屏空品區,高雄市,57,前鎮站,獅甲國中,戴奧辛,0.017931920359666,"pg I-TEQ/m3"
2014/05/16,高屏空品區,高雄市,53,楠梓站,楠梓國小,戴奧辛,0.0259882079388806,"pg I-TEQ/m3"
2014/05/16,雲嘉南空品區,高雄市,49,仁武站,八卦國小,戴奧辛,0.0290070607136817,"pg I-TEQ/m3"
2014/05/23,雲嘉南空品區,台南市,46,台南站,中山國中,戴奧辛,0.0401541095890411,"pg I-TEQ/m3"
2014/05/23,雲嘉南空品區,台南市,43,新營站,新營國小,戴奧辛,0.0323338525441329,"pg I-TEQ/m3"
2014/05/23,雲嘉南空品區,嘉義縣,39,新港站,新港國小,戴奧辛,0.0485375064004096,"pg I-TEQ/m3"
2014/05/12,中部空品區,雲林縣,38,崙背站,崙背國中,戴奧辛,0.0059112,"pg I-TEQ/m3"
2014/05/12,中部空品區,南投縣,36,南投站,康壽國小,戴奧辛,0.011665,"pg I-TEQ/m3"
2014/05/12,中部空品區,彰化縣,33,彰化站,延平社區活動中心,戴奧辛,0.0189376,"pg I-TEQ/m3"
2014/05/12,中部空品區,台中市,32,西屯站,台中啟聰學校,戴奧辛,0.0219546,"pg I-TEQ/m3"
2014/05/12,中部空品區,台中市,30,大里站,大里市公所,戴奧辛,0.0204178,"pg I-TEQ/m3"
2014/05/12,竹苗空品區,苗栗縣,26,苗栗站,苗栗縣議會,戴奧辛,0.0120749,"pg I-TEQ/m3"
2014/05/12,竹苗空品區,新竹市,24,新竹站,東門國小,戴奧辛,0.0049927,"pg I-TEQ/m3"
2014/05/05,北部空品區,新竹縣,22,湖口站,信勢國小,戴奧辛,0.027367,"pg I-TEQ/m3"
2014/05/05,北部空品區,桃園市,17,桃園站,桃園農工,戴奧辛,0.0140439,"pg I-TEQ/m3"
2014/05/05,北部空品區,台北市,15,松山站,松山國小,戴奧辛,0.0175873,"pg I-TEQ/m3"
2014/05/06,北部空品區,新北市,3,萬里站,綜合商場,戴奧辛,0.0025714,"pg I-TEQ/m3"
2014/05/06,北部空品區,新北市,2,汐止站,樟樹國小,戴奧辛,0.0129963,"pg I-TEQ/m3"
2014/03/03,北部空品區,新北市,70,永和站,永和中山公園,戴奧辛,0.0251055,"pg I-TEQ/m3"
2014/03/03,宜蘭空品區,宜蘭縣,65,宜蘭站,復興國中,戴奧辛,0.0097682,"pg I-TEQ/m3"
2014/03/03,花東空品區,花蓮縣,63,花蓮站,中正國小,戴奧辛,0.0128461,"pg I-TEQ/m3"
2014/02/24,花東空品區,台東縣,62,台東站,台東縣政府,戴奧辛,0.015203788263149,"pg I-TEQ/m3"
2014/02/13,高屏空品區,屏東縣,59,屏東站,中正國小,戴奧辛,0.0230432098765432,"pg I-TEQ/m3"
2014/02/13,高屏空品區,高雄市,57,前鎮站,獅甲國中,戴奧辛,0.0352036217633563,"pg I-TEQ/m3"
2014/02/13,高屏空品區,高雄市,53,楠梓站,楠梓國小,戴奧辛,0.0421950017146776,"pg I-TEQ/m3"
2014/02/14,雲嘉南空品區,高雄市,49,仁武站,八卦國小,戴奧辛,0.0492263096429763,"pg I-TEQ/m3"
2014/02/14,雲嘉南空品區,台南市,46,台南站,中山國中,戴奧辛,0.0520280697364031,"pg I-TEQ/m3"
2014/02/24,雲嘉南空品區,台南市,43,新營站,新營國小,戴奧辛,0.0919984212322922,"pg I-TEQ/m3"
2014/02/24,雲嘉南空品區,嘉義市,42,嘉義站,嘉義大學,戴奧辛,0.190943698437774,"pg I-TEQ/m3"
2014/02/24,雲嘉南空品區,嘉義縣,39,新港站,新港國小,戴奧辛,0.112402821453529,"pg I-TEQ/m3"
2014/02/24,中部空品區,雲林縣,38,崙背站,崙背國中,戴奧辛,0.0914629,"pg I-TEQ/m3"
2014/02/24,中部空品區,南投縣,36,南投站,康壽國小,戴奧辛,0.0451301,"pg I-TEQ/m3"
2014/02/24,中部空品區,彰化縣,33,彰化站,延平社區活動中心,戴奧辛,0.1102232,"pg I-TEQ/m3"
2014/02/24,中部空品區,台中市,32,西屯站,台中啟聰學校,戴奧辛,0.0684735,"pg I-TEQ/m3"
2014/02/24,中部空品區,台中市,30,大里站,大里市公所,戴奧辛,0.1142704,"pg I-TEQ/m3"
2014/02/24,竹苗空品區,苗栗縣,26,苗栗站,苗栗縣議會,戴奧辛,0.0623868,"pg I-TEQ/m3"
2014/02/24,竹苗空品區,新竹市,24,新竹站,東門國小,戴奧辛,0.1848671,"pg I-TEQ/m3"
2014/03/03,北部空品區,新竹縣,22,湖口站,信勢國小,戴奧辛,0.0306029,"pg I-TEQ/m3"
2014/03/03,北部空品區,桃園市,17,桃園站,桃園農工,戴奧辛,0.0241579,"pg I-TEQ/m3"
2014/03/03,北部空品區,台北市,15,松山站,松山國小,戴奧辛,0.0152874,"pg I-TEQ/m3"
2014/03/04,北部空品區,新北市,3,萬里站,綜合商場,戴奧辛,0.0125895,"pg I-TEQ/m3"
2014/03/04,北部空品區,新北市,2,汐止站,樟樹國小,戴奧辛,0.0125955,"pg I-TEQ/m3"
2013/10/11,高屏空品區,高雄市,71,復興站,復興國小,戴奧辛,0.0200706440371747,"pg I-TEQ/m3"
2013/10/14,北部空品區,桃園市,68,中壢站,中壢國小,戴奧辛,0.053372,"pg I-TEQ/m3"
2013/10/14,宜蘭空品區,宜蘭縣,65,宜蘭站,復興國中,戴奧辛,0.0132302,"pg I-TEQ/m3"
2013/10/14,花東空品區,花蓮縣,63,花蓮站,中正國小,戴奧辛,0.0111978,"pg I-TEQ/m3"
2013/10/15,花東空品區,台東縣,62,台東站,台東縣政府,戴奧辛,0.00754586581949211,"pg I-TEQ/m3"
2013/10/15,高屏空品區,屏東縣,59,屏東站,中正國小,戴奧辛,0.0379212745432579,"pg I-TEQ/m3"
2013/10/11,高屏空品區,高雄市,57,前鎮站,獅甲國中,戴奧辛,0.0193169625416279,"pg I-TEQ/m3"
2013/10/07,高屏空品區,高雄市,53,楠梓站,楠梓國小,戴奧辛,0.0296501162206471,"pg I-TEQ/m3"
2013/10/11,高屏空品區,高雄市,50,鳳山站,曹公國小,戴奧辛,0.0236848312948415,"pg I-TEQ/m3"
2013/10/07,雲嘉南空品區,高雄市,49,仁武站,八卦國小,戴奧辛,0.0499714806829046,"pg I-TEQ/m3"
2013/10/07,雲嘉南空品區,台南市,46,台南站,中山國中,戴奧辛,0.0342445493349982,"pg I-TEQ/m3"
2013/10/07,雲嘉南空品區,台南市,43,新營站,新營國小,戴奧辛,0.0355122367075626,"pg I-TEQ/m3"
2013/10/07,雲嘉南空品區,嘉義縣,39,新港站,新港國小,戴奧辛,0.0436247078167405,"pg I-TEQ/m3"
2013/10/07,中部空品區,雲林縣,38,崙背站,崙背國中,戴奧辛,0.053511,"pg I-TEQ/m3"
2013/10/07,中部空品區,南投縣,36,南投站,康壽國小,戴奧辛,0.0225356,"pg I-TEQ/m3"
2013/10/07,中部空品區,彰化縣,33,彰化站,延平社區活動中心,戴奧辛,0.0419971,"pg I-TEQ/m3"
2013/10/07,中部空品區,台中市,32,西屯站,台中啟聰學校,戴奧辛,0.0175963,"pg I-TEQ/m3"
2013/10/07,中部空品區,台中市,30,大里站,大里市公所,戴奧辛,0.0548753,"pg I-TEQ/m3"
2013/10/07,竹苗空品區,苗栗縣,26,苗栗站,苗栗縣議會,戴奧辛,0.0270366,"pg I-TEQ/m3"
2013/10/07,竹苗空品區,新竹市,24,新竹站,東門國小,戴奧辛,0.0310135,"pg I-TEQ/m3"
2013/10/14,北部空品區,新竹縣,22,湖口站,信勢國小,戴奧辛,0.0484167,"pg I-TEQ/m3"
2013/10/14,北部空品區,桃園市,17,桃園站,桃園農工,戴奧辛,0.0233791,"pg I-TEQ/m3"
2013/10/14,北部空品區,台北市,15,松山站,松山國小,戴奧辛,0.0119966,"pg I-TEQ/m3"
2013/10/15,北部空品區,新北市,3,萬里站,綜合商場,戴奧辛,0.0084088,"pg I-TEQ/m3"
2013/10/15,北部空品區,新北市,2,汐止站,樟樹國小,戴奧辛,0.0143293,"pg I-TEQ/m3"
2013/08/20,高屏空品區,高雄市,71,復興站,復興國小,戴奧辛,0.0143783646026889,"pg I-TEQ/m3"
2013/08/05,北部空品區,桃園市,68,中壢站,中壢國小,戴奧辛,0.0203517,"pg I-TEQ/m3"
2013/08/05,宜蘭空品區,宜蘭縣,65,宜蘭站,復興國中,戴奧辛,0.0164235,"pg I-TEQ/m3"
2013/08/05,花東空品區,花蓮縣,63,花蓮站,中正國小,戴奧辛,0.0022577,"pg I-TEQ/m3"
2013/08/09,花東空品區,台東縣,62,台東站,台東縣政府,戴奧辛,0.00518994638571146,"pg I-TEQ/m3"
2013/08/09,高屏空品區,屏東縣,59,屏東站,中正國小,戴奧辛,0.0311826981445766,"pg I-TEQ/m3"
2013/08/20,高屏空品區,高雄市,57,前鎮站,獅甲國中,戴奧辛,0.0108624374855471,"pg I-TEQ/m3"
2013/08/05,高屏空品區,高雄市,53,楠梓站,楠梓國小,戴奧辛,0.0158598240314542,"pg I-TEQ/m3"
2013/08/20,高屏空品區,高雄市,50,鳳山站,曹公國小,戴奧辛,0.021019233136031,"pg I-TEQ/m3"
2013/08/05,雲嘉南空品區,高雄市,49,仁武站,八卦國小,戴奧辛,0.149226957944889,"pg I-TEQ/m3"
2013/08/05,雲嘉南空品區,台南市,46,台南站,中山國中,戴奧辛,0.0112572326954431,"pg I-TEQ/m3"
2013/08/05,雲嘉南空品區,台南市,43,新營站,新營國小,戴奧辛,0.00997445495041272,"pg I-TEQ/m3"
2013/08/05,雲嘉南空品區,嘉義縣,39,新港站,新港國小,戴奧辛,0.0979454400558369,"pg I-TEQ/m3"
2013/08/12,中部空品區,雲林縣,38,崙背站,崙背國中,戴奧辛,0.0369917,"pg I-TEQ/m3"
2013/08/12,中部空品區,南投縣,36,南投站,康壽國小,戴奧辛,0.0129319,"pg I-TEQ/m3"
2013/08/12,中部空品區,彰化縣,33,彰化站,延平社區活動中心,戴奧辛,0.0274239,"pg I-TEQ/m3"
2013/08/12,中部空品區,台中市,32,西屯站,台中啟聰學校,戴奧辛,0.0227169,"pg I-TEQ/m3"
2013/08/12,中部空品區,台中市,30,大里站,大里區公所,戴奧辛,0.0281527,"pg I-TEQ/m3"
2013/08/12,竹苗空品區,苗栗縣,26,苗栗站,苗栗縣議會,戴奧辛,0.0154451,"pg I-TEQ/m3"
2013/08/12,竹苗空品區,新竹市,24,新竹站,東門國小,戴奧辛,0.0203766,"pg I-TEQ/m3"
2013/08/05,北部空品區,新竹縣,22,湖口站,信勢國小,戴奧辛,0.0207945,"pg I-TEQ/m3"
2013/08/05,北部空品區,桃園市,17,桃園站,桃園農工,戴奧辛,0.0511037,"pg I-TEQ/m3"
2013/08/06,北部空品區,台北市,15,松山站,松山國小,戴奧辛,0.0260913,"pg I-TEQ/m3"
2013/08/06,北部空品區,新北市,3,萬里站,綜合商場,戴奧辛,0.0146931,"pg I-TEQ/m3"
2013/08/06,北部空品區,新北市,2,汐止站,樟樹國小,戴奧辛,0.0197225,"pg I-TEQ/m3"
2013/05/10,高屏空品區,高雄市,71,復興站,復興國小,戴奧辛,0.0211768545465668,"pg I-TEQ/m3"
2013/05/06,北部空品區,桃園市,68,中壢站,中壢國小,戴奧辛,0.0539103,"pg I-TEQ/m3"
2013/05/07,宜蘭空品區,宜蘭縣,65,宜蘭站,復興國中,戴奧辛,0.0108154,"pg I-TEQ/m3"
2013/05/06,花東空品區,花蓮縣,63,花蓮站,中正國小,戴奧辛,0.0048286,"pg I-TEQ/m3"
2013/05/10,花東空品區,台東縣,62,台東站,台東縣政府,戴奧辛,0.00617666919623444,"pg I-TEQ/m3"
2013/05/10,高屏空品區,屏東縣,59,屏東站,中正國小,戴奧辛,0.0267772450589741,"pg I-TEQ/m3"
2013/05/10,高屏空品區,高雄市,57,前鎮站,獅甲國中,戴奧辛,0.0173432027734389,"pg I-TEQ/m3"
2013/05/06,高屏空品區,高雄市,53,楠梓站,楠梓國小,戴奧辛,0.023275607053453,"pg I-TEQ/m3"
2013/05/14,高屏空品區,高雄市,50,鳳山站,曹公國小,戴奧辛,0.0316854551352031,"pg I-TEQ/m3"
2013/05/06,雲嘉南空品區,高雄市,49,仁武站,八卦國小,戴奧辛,0.0258848996909564,"pg I-TEQ/m3"
2013/05/06,雲嘉南空品區,台南市,46,台南站,中山國中,戴奧辛,0.0242652256838305,"pg I-TEQ/m3"
2013/05/06,雲嘉南空品區,台南市,43,新營站,新營國小,戴奧辛,0.0305505514122215,"pg I-TEQ/m3"
2013/05/06,雲嘉南空品區,嘉義市,42,嘉義站,興嘉國小,戴奧辛,0.104070492583373,"pg I-TEQ/m3"
2013/05/06,雲嘉南空品區,嘉義縣,39,新港站,新港國小,戴奧辛,0.0124113311261002,"pg I-TEQ/m3"
2013/05/13,中部空品區,雲林縣,38,崙背站,崙背國中,戴奧辛,0.0098325,"pg I-TEQ/m3"
2013/05/13,中部空品區,南投縣,36,南投站,康壽國小,戴奧辛,0.0121256,"pg I-TEQ/m3"
2013/05/13,中部空品區,彰化縣,33,彰化站,延平社區活動中心,戴奧辛,0.0265749,"pg I-TEQ/m3"
2013/05/13,中部空品區,台中市,32,西屯站,台中啟聰學校,戴奧辛,0.0206398,"pg I-TEQ/m3"
2013/05/13,中部空品區,台中市,30,大里站,大里區公所,戴奧辛,0.0104746,"pg I-TEQ/m3"
2013/05/13,竹苗空品區,苗栗縣,26,苗栗站,苗栗縣議會,戴奧辛,0.0074158,"pg I-TEQ/m3"
2013/05/13,竹苗空品區,新竹市,24,新竹站,東門國小,戴奧辛,0.0125139,"pg I-TEQ/m3"
2013/05/06,北部空品區,新竹縣,22,湖口站,信勢國小,戴奧辛,0.0282284,"pg I-TEQ/m3"
2013/05/06,北部空品區,桃園市,17,桃園站,桃園農工,戴奧辛,0.019104,"pg I-TEQ/m3"
2013/05/07,北部空品區,台北市,15,松山站,松山國小,戴奧辛,0.0117597,"pg I-TEQ/m3"
2013/05/07,北部空品區,新北市,3,萬里站,綜合商場,戴奧辛,0.0123149,"pg I-TEQ/m3"
2013/05/07,北部空品區,新北市,2,汐止站,樟樹國小,戴奧辛,0.0129524,"pg I-TEQ/m3"
2013/02/26,高屏空品區,高雄市,71,復興站,復興國小,戴奧辛,0.0349691466244568,"pg I-TEQ/m3"
2013/02/19,北部空品區,桃園市,68,中壢站,中壢國小,戴奧辛,0.0405475,"pg I-TEQ/m3"
2013/02/19,宜蘭空品區,宜蘭縣,65,宜蘭站,復興國中,戴奧辛,0.0053229,"pg I-TEQ/m3"
2013/02/19,花東空品區,花蓮縣,63,花蓮站,中正國小,戴奧辛,0.0076045,"pg I-TEQ/m3"
2013/02/22,花東空品區,台東縣,62,台東站,台東縣政府,戴奧辛,0.0115462238278254,"pg I-TEQ/m3"
2013/02/22,高屏空品區,屏東縣,59,屏東站,中正國小,戴奧辛,0.0372639076118055,"pg I-TEQ/m3"
2013/02/26,高屏空品區,高雄市,57,前鎮站,獅甲國中,戴奧辛,0.0320988283490339,"pg I-TEQ/m3"
2013/02/18,高屏空品區,高雄市,53,楠梓站,楠梓國小,戴奧辛,0.0574334174482729,"pg I-TEQ/m3"
2013/02/26,高屏空品區,高雄市,50,鳳山站,曹公國小,戴奧辛,0.0540384369194745,"pg I-TEQ/m3"
2013/02/18,雲嘉南空品區,高雄市,49,仁武站,八卦國小,戴奧辛,0.0547806156159612,"pg I-TEQ/m3"
2013/02/18,雲嘉南空品區,台南市,46,台南站,中山國中,戴奧辛,0.021807991779034,"pg I-TEQ/m3"
2013/02/18,雲嘉南空品區,台南市,43,新營站,新營國小,戴奧辛,0.039536491894441,"pg I-TEQ/m3"
2013/02/18,雲嘉南空品區,嘉義市,42,嘉義站,興嘉國小,戴奧辛,0.0477869059846002,"pg I-TEQ/m3"
2013/02/18,雲嘉南空品區,嘉義縣,39,新港站,新港國小,戴奧辛,0.0569009280925521,"pg I-TEQ/m3"
2013/02/25,中部空品區,雲林縣,38,崙背站,崙背國中,戴奧辛,0.0616978,"pg I-TEQ/m3"
2013/02/25,中部空品區,南投縣,36,南投站,康壽國小,戴奧辛,0.0451899,"pg I-TEQ/m3"
2013/02/25,中部空品區,彰化縣,33,彰化站,延平社區活動中心,戴奧辛,0.1255903,"pg I-TEQ/m3"
2013/02/25,中部空品區,台中市,32,西屯站,台中啟聰學校,戴奧辛,0.0564352,"pg I-TEQ/m3"
2013/02/25,中部空品區,台中市,30,大里站,大里區公所,戴奧辛,0.1026443,"pg I-TEQ/m3"
2013/02/25,竹苗空品區,苗栗縣,26,苗栗站,苗栗縣議會,戴奧辛,0.041673,"pg I-TEQ/m3"
2013/02/25,竹苗空品區,新竹市,24,新竹站,東門國小,戴奧辛,0.0447408,"pg I-TEQ/m3"
2013/02/19,北部空品區,新竹縣,22,湖口站,信勢國小,戴奧辛,0.0176712,"pg I-TEQ/m3"
2013/02/19,北部空品區,桃園市,17,桃園站,桃園農工,戴奧辛,0.0119044,"pg I-TEQ/m3"
2013/02/19,北部空品區,台北市,15,松山站,松山國小,戴奧辛,0.0051769,"pg I-TEQ/m3"
2013/02/20,北部空品區,新北市,3,萬里站,綜合商場,戴奧辛,0.0055004,"pg I-TEQ/m3"
2013/02/20,北部空品區,新北市,2,汐止站,樟樹國小,戴奧辛,0.0063164,"pg I-TEQ/m3"
2012/10/01,宜蘭空品區,宜蘭縣,65,宜蘭站,復興國中,戴奧辛,0.0104957,"pg I-TEQ/m3"
2012/10/01,花東空品區,台東縣,62,台東站,台東縣政府,戴奧辛,0.00693069175678654,"pg I-TEQ/m3"
2012/10/01,花東空品區,花蓮縣,63,花蓮站,中正國小,戴奧辛,0.0071797,"pg I-TEQ/m3"
2012/10/08,高屏空品區,高雄市,53,楠梓站,楠梓國小,戴奧辛,0.0655680413521147,"pg I-TEQ/m3"
2012/10/08,雲嘉南空品區,高雄市,49,仁武站,八卦國小,戴奧辛,0.0195822203360329,"pg I-TEQ/m3"
2012/10/08,雲嘉南空品區,台南市,46,台南站,中山國中,戴奧辛,0.0273219247094442,"pg I-TEQ/m3"
2012/10/08,雲嘉南空品區,台南市,43,新營站,新營國小,戴奧辛,0.0277921616194289,"pg I-TEQ/m3"
2012/10/08,雲嘉南空品區,嘉義市,42,嘉義站,興嘉國小,戴奧辛,0.0620054794281333,"pg I-TEQ/m3"
2012/10/08,雲嘉南空品區,嘉義縣,39,新港站,新港國小,戴奧辛,0.0335354543588336,"pg I-TEQ/m3"
2012/10/08,中部空品區,雲林縣,38,崙背站,崙背國中,戴奧辛,0.0462274,"pg I-TEQ/m3"
2012/10/08,中部空品區,南投縣,36,南投站,康壽國小,戴奧辛,0.0258252,"pg I-TEQ/m3"
2012/10/08,中部空品區,彰化縣,33,彰化站,延平社區活動中心,戴奧辛,0.0205724,"pg I-TEQ/m3"
2012/10/08,中部空品區,台中市,32,西屯站,台中啟聰學校,戴奧辛,0.0153081,"pg I-TEQ/m3"
2012/10/08,中部空品區,台中市,30,大里站,大里區公所,戴奧辛,0.0280312,"pg I-TEQ/m3"
2012/10/08,竹苗空品區,苗栗縣,26,苗栗站,苗栗縣議會,戴奧辛,0.0158331,"pg I-TEQ/m3"
2012/10/08,竹苗空品區,新竹市,24,新竹站,東門國小,戴奧辛,0.0246988,"pg I-TEQ/m3"
2012/10/01,北部空品區,新竹縣,22,湖口站,信勢國小,戴奧辛,0.0278336,"pg I-TEQ/m3"
2012/10/01,北部空品區,桃園市,17,桃園站,桃園農工,戴奧辛,0.0180714,"pg I-TEQ/m3"
2012/10/01,北部空品區,台北市,15,松山站,松山國小,戴奧辛,0.0072938,"pg I-TEQ/m3"
2012/10/02,北部空品區,新北市,3,萬里站,綜合商場,戴奧辛,0.0114549,"pg I-TEQ/m3"
2012/10/02,北部空品區,新北市,2,汐止站,樟樹國小,戴奧辛,0.0107504,"pg I-TEQ/m3"
2012/08/13,宜蘭空品區,宜蘭縣,65,宜蘭站,復興國中,戴奧辛,0.0190047,"pg I-TEQ/m3"
2012/08/13,花東空品區,花蓮縣,63,花蓮站,中正國小,戴奧辛,0.0118763,"pg I-TEQ/m3"
2012/08/06,花東空品區,台東縣,62,台東站,台東縣政府,戴奧辛,0.0119088164541994,"pg I-TEQ/m3"
2012/08/06,高屏空品區,屏東縣,59,屏東站,中正國小,戴奧辛,0.021985734151698,"pg I-TEQ/m3"
2012/08/13,高屏空品區,高雄市,53,楠梓站,楠梓國小,戴奧辛,0.0257064423334477,"pg I-TEQ/m3"
2012/08/13,雲嘉南空品區,高雄市,49,仁武站,八卦國小,戴奧辛,0.0403110556399759,"pg I-TEQ/m3"
2012/08/13,雲嘉南空品區,台南市,46,台南站,中山國中,戴奧辛,0.0390801469943221,"pg I-TEQ/m3"
2012/08/13,雲嘉南空品區,台南市,43,新營站,新營國小,戴奧辛,0.0213521361860914,"pg I-TEQ/m3"
2012/08/13,雲嘉南空品區,嘉義市,42,嘉義站,興嘉國小,戴奧辛,0.0363908781665744,"pg I-TEQ/m3"
2012/08/13,雲嘉南空品區,嘉義縣,39,新港站,新港國小,戴奧辛,0.0541594153142093,"pg I-TEQ/m3"
2012/08/06,中部空品區,雲林縣,38,崙背站,崙背國中,戴奧辛,0.0142918,"pg I-TEQ/m3"
2012/08/06,中部空品區,南投縣,36,南投站,康壽國小,戴奧辛,0.0082593,"pg I-TEQ/m3"
2012/08/06,中部空品區,彰化縣,33,彰化站,延平社區活動中心,戴奧辛,0.0328051,"pg I-TEQ/m3"
2012/08/06,中部空品區,台中市,32,西屯站,台中啟聰學校,戴奧辛,0.0340784,"pg I-TEQ/m3"
2012/08/06,中部空品區,台中市,30,大里站,大里區公所,戴奧辛,0.0189591,"pg I-TEQ/m3"
2012/08/06,竹苗空品區,苗栗縣,26,苗栗站,苗栗縣議會,戴奧辛,0.0224633,"pg I-TEQ/m3"
2012/08/06,竹苗空品區,新竹市,24,新竹站,東門國小,戴奧辛,0.0147916,"pg I-TEQ/m3"
2012/08/13,北部空品區,新竹縣,22,湖口站,信勢國小,戴奧辛,0.0250091,"pg I-TEQ/m3"
2012/08/13,北部空品區,桃園市,17,桃園站,桃園農工,戴奧辛,0.0189305,"pg I-TEQ/m3"
2012/08/13,北部空品區,台北市,15,松山站,松山國小,戴奧辛,0.0059995,"pg I-TEQ/m3"
2012/08/14,北部空品區,新北市,3,萬里站,綜合商場,戴奧辛,0.0271577,"pg I-TEQ/m3"
2012/08/14,北部空品區,新北市,2,汐止站,樟樹國小,戴奧辛,0.0070854,"pg I-TEQ/m3"
2012/05/14,宜蘭空品區,宜蘭縣,65,宜蘭站,復興國中,戴奧辛,0.0070873,"pg I-TEQ/m3"
2012/05/15,花東空品區,花蓮縣,63,花蓮站,中正國小,戴奧辛,0.0031989,"pg I-TEQ/m3"
2012/05/17,花東空品區,台東縣,62,台東站,台東縣政府,戴奧辛,0.00579661587008129,"pg I-TEQ/m3"
2012/05/14,高屏空品區,屏東縣,59,屏東站,中正國小,戴奧辛,0.0155351209311018,"pg I-TEQ/m3"
2012/05/07,高屏空品區,高雄市,53,楠梓站,楠梓國小,戴奧辛,0.0345720326867086,"pg I-TEQ/m3"
2012/05/07,雲嘉南空品區,高雄市,49,仁武站,八卦國小,戴奧辛,0.0441006661870211,"pg I-TEQ/m3"
2012/05/14,雲嘉南空品區,台南市,46,台南站,中山國中,戴奧辛,0.0154319493451987,"pg I-TEQ/m3"
2012/05/14,雲嘉南空品區,台南市,43,新營站,新營國小,戴奧辛,0.00763264035336639,"pg I-TEQ/m3"
2012/05/14,雲嘉南空品區,嘉義市,42,嘉義站,興嘉國小,戴奧辛,0.00904664811625729,"pg I-TEQ/m3"
2012/05/14,雲嘉南空品區,嘉義縣,39,新港站,新港國小,戴奧辛,0.0202323958384673,"pg I-TEQ/m3"
2012/05/07,中部空品區,雲林縣,38,崙背站,崙背國中,戴奧辛,0.0149315,"pg I-TEQ/m3"
2012/05/07,中部空品區,南投縣,36,南投站,康壽國小,戴奧辛,0.0151479,"pg I-TEQ/m3"
2012/05/07,中部空品區,彰化縣,33,彰化站,延平社區活動中心,戴奧辛,0.0221488,"pg I-TEQ/m3"
2012/05/07,中部空品區,台中市,32,西屯站,台中啟聰學校,戴奧辛,0.0238847,"pg I-TEQ/m3"
2012/05/07,中部空品區,台中市,30,大里站,大里區公所,戴奧辛,0.0390295,"pg I-TEQ/m3"
2012/05/07,竹苗空品區,苗栗縣,26,苗栗站,苗栗縣議會,戴奧辛,0.0144098,"pg I-TEQ/m3"
2012/05/07,竹苗空品區,新竹市,24,新竹站,東門國小,戴奧辛,0.0253958,"pg I-TEQ/m3"
2012/05/14,北部空品區,新竹縣,22,湖口站,信勢國小,戴奧辛,0.0236008,"pg I-TEQ/m3"
2012/05/14,北部空品區,桃園市,17,桃園站,桃園農工,戴奧辛,0.0317739,"pg I-TEQ/m3"
2012/05/14,北部空品區,台北市,15,松山站,松山國小,戴奧辛,0.0055192,"pg I-TEQ/m3"
2012/05/14,北部空品區,新北市,3,萬里站,綜合商場,戴奧辛,0.0052382,"pg I-TEQ/m3"
2012/05/14,北部空品區,新北市,2,汐止站,樟樹國小,戴奧辛,0.0105506,"pg I-TEQ/m3"
2012/02/06,宜蘭空品區,宜蘭縣,65,宜蘭站,復興國中,戴奧辛,0.0116987,"pg I-TEQ/m3"
2012/02/16,花東空品區,台東縣,62,台東站,台東縣政府,戴奧辛,0.00763475113416989,"pg I-TEQ/m3"
2012/02/06,花東空品區,花蓮縣,63,花蓮站,中正國小,戴奧辛,0.0103645,"pg I-TEQ/m3"
2012/02/06,高屏空品區,高雄市,53,楠梓站,楠梓國小,戴奧辛,0.0403256666079962,"pg I-TEQ/m3"
2012/02/06,雲嘉南空品區,高雄市,49,仁武站,八卦國小,戴奧辛,0.0501632614013314,"pg I-TEQ/m3"
2012/02/13,雲嘉南空品區,台南市,46,台南站,中山國中,戴奧辛,0.0890219392608314,"pg I-TEQ/m3"
2012/02/13,雲嘉南空品區,台南市,43,新營站,新營國小,戴奧辛,0.0791077003280143,"pg I-TEQ/m3"
2012/02/13,雲嘉南空品區,嘉義市,42,嘉義站,興嘉國小,戴奧辛,0.0851436188740569,"pg I-TEQ/m3"
2012/02/13,雲嘉南空品區,嘉義縣,39,新港站,新港國小,戴奧辛,0.0861854152671557,"pg I-TEQ/m3"
2012/02/13,中部空品區,雲林縣,38,崙背站,崙背國中,戴奧辛,0.0482207,"pg I-TEQ/m3"
2012/02/13,中部空品區,南投縣,36,南投站,康壽國小,戴奧辛,0.0614239,"pg I-TEQ/m3"
2012/02/13,中部空品區,彰化縣,33,彰化站,延平社區活動中心,戴奧辛,0.1315467,"pg I-TEQ/m3"
2012/02/13,中部空品區,台中市,32,西屯站,台中啟聰學校,戴奧辛,0.0908776,"pg I-TEQ/m3"
2012/02/13,中部空品區,台中市,30,大里站,大里區公所,戴奧辛,0.1125058,"pg I-TEQ/m3"
2012/02/13,竹苗空品區,苗栗縣,26,苗栗站,苗栗縣議會,戴奧辛,0.0392678,"pg I-TEQ/m3"
2012/02/13,竹苗空品區,新竹市,24,新竹站,東門國小,戴奧辛,0.0327921,"pg I-TEQ/m3"
2012/02/06,北部空品區,新竹縣,22,湖口站,信勢國小,戴奧辛,0.0290787,"pg I-TEQ/m3"
2012/02/06,北部空品區,桃園市,17,桃園站,桃園農工,戴奧辛,0.0343995,"pg I-TEQ/m3"
2012/02/06,北部空品區,台北市,15,松山站,松山國小,戴奧辛,0.0238421,"pg I-TEQ/m3"
2012/02/07,北部空品區,新北市,3,萬里站,綜合商場,戴奧辛,0.0120746,"pg I-TEQ/m3"
2012/02/07,北部空品區,新北市,2,汐止站,樟樹國小,戴奧辛,0.0125403,"pg I-TEQ/m3"
2011/10/24,宜蘭空品區,宜蘭縣,65,宜蘭站,復興國中,戴奧辛,0.0174205,"pg I-TEQ/m3"
2011/10/24,花東空品區,花蓮縣,63,花蓮站,中正國小,戴奧辛,0.0065249,"pg I-TEQ/m3"
2011/10/17,花東空品區,台東縣,62,台東站,台東縣政府,戴奧辛,0.0128017283165623,"pg I-TEQ/m3"
2011/10/11,高屏空品區,屏東縣,59,屏東站,中正國小,戴奧辛,0.0209098312070717,"pg I-TEQ/m3"
2011/10/11,高屏空品區,高雄市,53,楠梓站,楠梓國小,戴奧辛,0.0314654751110054,"pg I-TEQ/m3"
2011/10/11,雲嘉南空品區,高雄市,49,仁武站,八卦國小,戴奧辛,0.0296435177370996,"pg I-TEQ/m3"
2011/10/19,雲嘉南空品區,台南市,46,台南站,中山國中,戴奧辛,0.0513488300436502,"pg I-TEQ/m3"
2011/10/19,雲嘉南空品區,台南市,43,新營站,新營國小,戴奧辛,0.0306449355680945,"pg I-TEQ/m3"
2011/10/19,雲嘉南空品區,嘉義市,42,嘉義站,興嘉國小,戴奧辛,0.0514109577637454,"pg I-TEQ/m3"
2011/10/19,雲嘉南空品區,嘉義縣,39,新港站,新港國小,戴奧辛,0.0481703411079291,"pg I-TEQ/m3"
2011/10/24,中部空品區,雲林縣,38,崙背站,崙背國中,戴奧辛,0.0309342,"pg I-TEQ/m3"
2011/10/24,中部空品區,南投縣,36,南投站,康壽國小,戴奧辛,0.0272908,"pg I-TEQ/m3"
2011/10/24,中部空品區,彰化縣,33,彰化站,延平社區活動中心,戴奧辛,0.0108789,"pg I-TEQ/m3"
2011/10/24,中部空品區,台中市,32,西屯站,台中啟聰學校,戴奧辛,0.026485,"pg I-TEQ/m3"
2011/10/24,中部空品區,台中市,30,大里站,大里區公所,戴奧辛,0.0304399,"pg I-TEQ/m3"
2011/10/17,竹苗空品區,苗栗縣,26,苗栗站,苗栗縣議會,戴奧辛,0.0126107,"pg I-TEQ/m3"
2011/10/17,竹苗空品區,新竹市,24,新竹站,東門國小,戴奧辛,0.0220951,"pg I-TEQ/m3"
2011/10/17,北部空品區,新竹縣,22,湖口站,信勢國小,戴奧辛,0.01025,"pg I-TEQ/m3"
2011/10/17,北部空品區,桃園市,17,桃園站,桃園農工,戴奧辛,0.0224726,"pg I-TEQ/m3"
2011/10/17,北部空品區,台北市,15,松山站,松山國小,戴奧辛,0.0065306,"pg I-TEQ/m3"
2011/10/24,北部空品區,新北市,3,萬里站,綜合商場,戴奧辛,0.0124863,"pg I-TEQ/m3"
2011/10/24,北部空品區,新北市,2,汐止站,樟樹國小,戴奧辛,0.0106287,"pg I-TEQ/m3"
2011/08/01,宜蘭空品區,宜蘭縣,65,宜蘭站,復興國中,戴奧辛,0.0138826,"pg I-TEQ/m3"
2011/08/01,花東空品區,花蓮縣,63,花蓮站,中正國小,戴奧辛,0.0085093,"pg I-TEQ/m3"
2011/08/22,花東空品區,台東縣,62,台東站,台東縣政府,戴奧辛,0.009757807717601,"pg I-TEQ/m3"
2011/08/15,高屏空品區,屏東縣,59,屏東站,中正國小,戴奧辛,0.0383464755639461,"pg I-TEQ/m3"
2011/08/15,高屏空品區,高雄市,53,楠梓站,楠梓國小,戴奧辛,0.0328698933842579,"pg I-TEQ/m3"
2011/08/15,雲嘉南空品區,高雄市,49,仁武站,八卦國小,戴奧辛,0.0270853084580229,"pg I-TEQ/m3"
2011/08/22,雲嘉南空品區,台南市,46,台南站,中山國中,戴奧辛,0.0326421718650978,"pg I-TEQ/m3"
2011/08/22,雲嘉南空品區,台南市,43,新營站,新營國小,戴奧辛,0.0412562691823218,"pg I-TEQ/m3"
2011/08/22,雲嘉南空品區,嘉義市,42,嘉義站,興嘉國小,戴奧辛,0.0327734706578525,"pg I-TEQ/m3"
2011/08/22,雲嘉南空品區,嘉義縣,39,新港站,新港國小,戴奧辛,0.0282910191440947,"pg I-TEQ/m3"
2011/08/08,中部空品區,雲林縣,38,崙背站,崙背國中,戴奧辛,0.0237315,"pg I-TEQ/m3"
2011/08/08,中部空品區,南投縣,36,南投站,康壽國小,戴奧辛,0.0091259,"pg I-TEQ/m3"
2011/08/08,中部空品區,彰化縣,33,彰化站,延平社區活動中心,戴奧辛,0.01513,"pg I-TEQ/m3"
2011/08/08,中部空品區,台中市,32,西屯站,台中啟聰學校,戴奧辛,0.0156244,"pg I-TEQ/m3"
2011/08/08,中部空品區,台中市,30,大里站,大里區公所,戴奧辛,0.0088371,"pg I-TEQ/m3"
2011/08/08,竹苗空品區,苗栗縣,26,苗栗站,苗栗縣議會,戴奧辛,0.0109009,"pg I-TEQ/m3"
2011/08/08,竹苗空品區,新竹市,24,新竹站,東門國小,戴奧辛,0.0415708,"pg I-TEQ/m3"
2011/08/01,北部空品區,新竹縣,22,湖口站,信勢國小,戴奧辛,0.0398932,"pg I-TEQ/m3"
2011/08/01,北部空品區,桃園市,17,桃園站,桃園農工,戴奧辛,0.1717199,"pg I-TEQ/m3"
2011/08/01,北部空品區,台北市,15,松山站,松山國小,戴奧辛,0.0119267,"pg I-TEQ/m3"
2011/08/01,北部空品區,新北市,3,萬里站,綜合商場,戴奧辛,0.0086617,"pg I-TEQ/m3"
2011/08/01,北部空品區,新北市,2,汐止站,樟樹國小,戴奧辛,0.0196064,"pg I-TEQ/m3"
2011/05/09,宜蘭空品區,宜蘭縣,66,冬山站,冬山鄉托兒所,戴奧辛,0.0272283,"pg I-TEQ/m3"
2011/05/16,花東空品區,台東縣,62,台東站,台東縣政府,戴奧辛,0.0134096988991741,"pg I-TEQ/m3"
2011/05/09,花東空品區,花蓮縣,63,花蓮站,中正國小,戴奧辛,0.016609,"pg I-TEQ/m3"
2011/05/09,高屏空品區,高雄市,53,楠梓站,楠梓國小,戴奧辛,0.0202174616880607,"pg I-TEQ/m3"
2011/05/09,雲嘉南空品區,高雄市,49,仁武站,八卦國小,戴奧辛,0.0384165814609021,"pg I-TEQ/m3"
2011/05/16,雲嘉南空品區,台南市,46,台南站,中山國中,戴奧辛,0.0216320638650106,"pg I-TEQ/m3"
2011/05/16,雲嘉南空品區,台南市,43,新營站,新營國小,戴奧辛,0.0236488166300144,"pg I-TEQ/m3"
2011/05/16,雲嘉南空品區,嘉義市,42,嘉義站,興嘉國小,戴奧辛,0.027824568793316,"pg I-TEQ/m3"
2011/05/16,雲嘉南空品區,嘉義縣,39,新港站,新港國小,戴奧辛,0.0324767658402868,"pg I-TEQ/m3"
2011/05/16,中部空品區,雲林縣,38,崙背站,崙背國中,戴奧辛,0.0151722,"pg I-TEQ/m3"
2011/05/16,中部空品區,南投縣,36,南投站,康壽國小,戴奧辛,0.0168574,"pg I-TEQ/m3"
2011/05/16,中部空品區,彰化縣,33,彰化站,忠孝國小,戴奧辛,0.060511,"pg I-TEQ/m3"
2011/05/16,中部空品區,台中市,31,忠明站,忠明國小,戴奧辛,0.018823,"pg I-TEQ/m3"
2011/05/16,中部空品區,台中市,30,大里站,大里區公所,戴奧辛,0.0389338,"pg I-TEQ/m3"
2011/05/16,竹苗空品區,苗栗縣,26,苗栗站,苗栗縣議會,戴奧辛,0.01336,"pg I-TEQ/m3"
2011/05/16,竹苗空品區,新竹市,24,新竹站,東門國小,戴奧辛,0.0129332,"pg I-TEQ/m3"
2011/05/09,北部空品區,新竹縣,22,湖口站,信勢國小,戴奧辛,0.026111,"pg I-TEQ/m3"
2011/05/09,北部空品區,桃園市,17,桃園站,桃園農工,戴奧辛,0.0542085,"pg I-TEQ/m3"
2011/05/09,北部空品區,台北市,15,松山站,松山國小,戴奧辛,0.0214855,"pg I-TEQ/m3"
2011/05/09,北部空品區,新北市,2,汐止站,樟樹國小,戴奧辛,0.0242692,"pg I-TEQ/m3"
2011/05/09,北部空品區,基隆市,1,基隆站,基隆女中,戴奧辛,0.0126761,"pg I-TEQ/m3"
2011/02/14,宜蘭空品區,宜蘭縣,66,冬山站,冬山鄉托兒所,戴奧辛,0.0270966,"pg I-TEQ/m3"
2011/02/21,花東空品區,台東縣,62,台東站,台東縣政府,戴奧辛,0.0344991745636036,"pg I-TEQ/m3"
2011/02/14,花東空品區,花蓮縣,63,花蓮站,中正國小,戴奧辛,0.0385424,"pg I-TEQ/m3"
2011/02/14,高屏空品區,高雄市,53,楠梓站,楠梓國小,戴奧辛,0.095396815310741,"pg I-TEQ/m3"
2011/02/14,雲嘉南空品區,高雄市,49,仁武站,八卦國小,戴奧辛,0.134280306803732,"pg I-TEQ/m3"
2011/02/21,雲嘉南空品區,台南市,46,台南站,中山國中,戴奧辛,0.0729716436209735,"pg I-TEQ/m3"
2011/02/21,雲嘉南空品區,台南市,43,新營站,新營國小,戴奧辛,0.0710063878185672,"pg I-TEQ/m3"
2011/02/21,雲嘉南空品區,嘉義市,42,嘉義站,興嘉國小,戴奧辛,0.0974354914031372,"pg I-TEQ/m3"
2011/02/21,雲嘉南空品區,嘉義縣,39,新港站,新港國小,戴奧辛,0.134740274288158,"pg I-TEQ/m3"
2011/02/21,中部空品區,雲林縣,38,崙背站,崙背國中,戴奧辛,0.0830753,"pg I-TEQ/m3"
2011/02/21,中部空品區,南投縣,36,南投站,康壽國小,戴奧辛,0.0748694,"pg I-TEQ/m3"
2011/02/21,中部空品區,彰化縣,33,彰化站,忠孝國小,戴奧辛,0.2318764,"pg I-TEQ/m3"
2011/02/21,中部空品區,台中市,31,忠明站,忠明國小,戴奧辛,0.0831589,"pg I-TEQ/m3"
2011/02/21,中部空品區,台中市,30,大里站,大里區公所,戴奧辛,0.1308454,"pg I-TEQ/m3"
2011/02/21,竹苗空品區,苗栗縣,26,苗栗站,苗栗縣議會,戴奧辛,0.0379541,"pg I-TEQ/m3"
2011/02/21,竹苗空品區,新竹市,24,新竹站,東門國小,戴奧辛,0.0686092,"pg I-TEQ/m3"
2011/02/14,北部空品區,新竹縣,22,湖口站,信勢國小,戴奧辛,0.0498534,"pg I-TEQ/m3"
2011/02/14,北部空品區,桃園市,17,桃園站,桃園農工,戴奧辛,0.0511381,"pg I-TEQ/m3"
2011/02/14,北部空品區,台北市,15,松山站,松山國小,戴奧辛,0.043193,"pg I-TEQ/m3"
2011/02/14,北部空品區,新北市,2,汐止站,樟樹國小,戴奧辛,0.0376445,"pg I-TEQ/m3"
2011/02/14,北部空品區,基隆市,1,基隆站,基隆女中,戴奧辛,0.0274232,"pg I-TEQ/m3"
2010/11/08,宜蘭空品區,宜蘭縣,66,冬山站,冬山鄉托兒所,戴奧辛,0.027,"pg I-TEQ/m3"
2010/11/15,花東空品區,花蓮縣,63,花蓮站,中正國小,戴奧辛,0.0174509449104694,"pg I-TEQ/m3"
2010/11/15,花東空品區,台東縣,62,台東站,台東縣政府,戴奧辛,0.0107337387855579,"pg I-TEQ/m3"
2010/11/09,高屏空品區,屏東縣,59,屏東站,中正國小,戴奧辛,0.0773177856842876,"pg I-TEQ/m3"
2010/11/09,高屏空品區,高雄市,53,楠梓站,楠梓國小,戴奧辛,0.068627602738099,"pg I-TEQ/m3"
2010/11/09,雲嘉南空品區,高雄市,49,仁武站,八卦國小,戴奧辛,0.070159186659377,"pg I-TEQ/m3"
2010/11/15,雲嘉南空品區,台南市,46,台南站,中山國中,戴奧辛,0.0628817573705007,"pg I-TEQ/m3"
2010/11/15,雲嘉南空品區,台南市,43,新營站,新營國小,戴奧辛,0.0593650497791568,"pg I-TEQ/m3"
2010/11/15,雲嘉南空品區,嘉義市,42,嘉義站,興嘉國小,戴奧辛,0.0801150410939027,"pg I-TEQ/m3"
2010/11/15,雲嘉南空品區,嘉義縣,39,新港站,新港國小,戴奧辛,0.163668302822533,"pg I-TEQ/m3"
2010/11/15,中部空品區,雲林縣,38,崙背站,崙背國中,戴奧辛,0.0430829,"pg I-TEQ/m3"
2010/11/15,中部空品區,南投縣,36,南投站,康壽國小,戴奧辛,0.0330257,"pg I-TEQ/m3"
2010/11/15,中部空品區,彰化縣,33,彰化站,忠孝國小,戴奧辛,0.0378107,"pg I-TEQ/m3"
2010/11/15,中部空品區,台中市,31,忠明站,忠明國小,戴奧辛,0.040301,"pg I-TEQ/m3"
2010/11/15,中部空品區,台中市,30,大里站,大里市公所,戴奧辛,0.0462501,"pg I-TEQ/m3"
2010/11/15,竹苗空品區,苗栗縣,26,苗栗站,苗栗縣議會,戴奧辛,0.012745,"pg I-TEQ/m3"
2010/11/15,竹苗空品區,新竹市,24,新竹站,東門國小,戴奧辛,0.0175884,"pg I-TEQ/m3"
2010/11/08,北部空品區,新竹縣,22,湖口站,信勢國小,戴奧辛,0.0657727,"pg I-TEQ/m3"
2010/11/08,北部空品區,桃園市,17,桃園站,桃園農工,戴奧辛,0.0313191,"pg I-TEQ/m3"
2010/11/08,北部空品區,台北市,15,松山站,松山國小,戴奧辛,0.025417,"pg I-TEQ/m3"
2010/11/08,北部空品區,新北市,2,汐止站,樟樹國小,戴奧辛,0.031,"pg I-TEQ/m3"
2010/11/08,北部空品區,基隆市,1,基隆站,基隆女中,戴奧辛,0.031,"pg I-TEQ/m3"
2010/07/26,高屏空品區,高雄市,71,復興站,復興國小,戴奧辛,0.0170290183090824,"pg I-TEQ/m3"
2010/07/19,北部空品區,桃園市,68,中壢站,中壢國小,戴奧辛,0.0537585,"pg I-TEQ/m3"
2010/07/20,北部空品區,新北市,67,三重站,新北市三重區三和路重陽路交口,戴奧辛,0.0167486,"pg I-TEQ/m3"
2010/07/19,宜蘭空品區,宜蘭縣,66,冬山站,冬山鄉托兒所,戴奧辛,0.027967,"pg I-TEQ/m3"
2010/07/19,花東空品區,花蓮縣,63,花蓮站,中正國小,戴奧辛,0.0066623,"pg I-TEQ/m3"
2010/07/12,花東空品區,台東縣,62,台東站,台東縣政府,戴奧辛,0.0131405100030979,"pg I-TEQ/m3"
2010/07/26,高屏空品區,屏東縣,59,屏東站,中正國小,戴奧辛,0.015179916902234,"pg I-TEQ/m3"
2010/07/19,高屏空品區,高雄市,53,楠梓站,楠梓國小,戴奧辛,0.0214640880998891,"pg I-TEQ/m3"
2010/07/26,高屏空品區,高雄市,50,鳳山站,曹公國小,戴奧辛,0.0125442120348039,"pg I-TEQ/m3"
2010/07/19,雲嘉南空品區,高雄市,49,仁武站,八卦國小,戴奧辛,0.027254812338221,"pg I-TEQ/m3"
2010/07/19,雲嘉南空品區,台南市,46,台南站,中山國中,戴奧辛,0.0245156633593512,"pg I-TEQ/m3"
2010/07/19,雲嘉南空品區,台南市,43,新營站,新營國小,戴奧辛,0.0246657924469047,"pg I-TEQ/m3"
2010/07/19,雲嘉南空品區,嘉義市,42,嘉義站,興嘉國小,戴奧辛,0.0445559730841038,"pg I-TEQ/m3"
2010/07/19,雲嘉南空品區,嘉義縣,39,新港站,新港國小,戴奧辛,0.0294985756181777,"pg I-TEQ/m3"
2010/07/26,中部空品區,雲林縣,38,崙背站,崙背國中,戴奧辛,0.0070727,"pg I-TEQ/m3"
2010/07/26,中部空品區,南投縣,36,南投站,康壽國小,戴奧辛,0.0098872,"pg I-TEQ/m3"
2010/07/26,中部空品區,彰化縣,33,彰化站,忠孝國小,戴奧辛,0.0109379,"pg I-TEQ/m3"
2010/07/26,中部空品區,台中市,31,忠明站,忠明國小,戴奧辛,0.0264189,"pg I-TEQ/m3"
2010/07/26,中部空品區,台中市,30,大里站,大里市公所,戴奧辛,0.0342792,"pg I-TEQ/m3"
2010/07/26,竹苗空品區,苗栗縣,26,苗栗站,苗栗縣議會,戴奧辛,0.0050693,"pg I-TEQ/m3"
2010/07/26,竹苗空品區,新竹市,24,新竹站,東門國小,戴奧辛,0.0070456,"pg I-TEQ/m3"
2010/07/19,北部空品區,新竹縣,22,湖口站,信勢國小,戴奧辛,0.0470524,"pg I-TEQ/m3"
2010/07/19,北部空品區,桃園市,17,桃園站,桃園農工,戴奧辛,0.0569133,"pg I-TEQ/m3"
2010/07/20,北部空品區,台北市,15,松山站,松山國小,戴奧辛,0.0179109,"pg I-TEQ/m3"
2010/07/19,北部空品區,新北市,2,汐止站,樟樹國小,戴奧辛,0.0158373,"pg I-TEQ/m3"
2010/07/19,北部空品區,基隆市,1,基隆站,基隆女中,戴奧辛,0.0103942,"pg I-TEQ/m3"
2010/05/11,高屏空品區,高雄市,71,復興站,復興國小,戴奧辛,0.0544570547619751,"pg I-TEQ/m3"
2010/05/10,北部空品區,桃園市,68,中壢站,中壢國小,戴奧辛,0.0843557,"pg I-TEQ/m3"
2010/05/11,北部空品區,新北市,67,三重站,新北市三重區三和路重陽路交口,戴奧辛,0.0285317,"pg I-TEQ/m3"
2010/05/10,宜蘭空品區,宜蘭縣,66,冬山站,冬山鄉托兒所,戴奧辛,0.0327029,"pg I-TEQ/m3"
2010/05/10,花東空品區,花蓮縣,63,花蓮站,中正國小,戴奧辛,0.0273306,"pg I-TEQ/m3"
2010/05/24,花東空品區,台東縣,62,台東站,台東縣政府,戴奧辛,0.0175738549743911,"pg I-TEQ/m3"
2010/05/18,高屏空品區,屏東縣,59,屏東站,中正國小,戴奧辛,0.0630401101578935,"pg I-TEQ/m3"
2010/05/11,高屏空品區,高雄市,53,楠梓站,楠梓國小,戴奧辛,0.0526061573968948,"pg I-TEQ/m3"
2010/05/18,高屏空品區,高雄市,50,鳳山站,曹公國小,戴奧辛,0.0453071747702751,"pg I-TEQ/m3"
2010/05/18,雲嘉南空品區,高雄市,49,仁武站,八卦國小,戴奧辛,0.0462201469854727,"pg I-TEQ/m3"
2010/05/11,雲嘉南空品區,台南市,46,台南站,中山國中,戴奧辛,0.0488648123363977,"pg I-TEQ/m3"
2010/05/11,雲嘉南空品區,台南市,43,新營站,新營國小,戴奧辛,0.0474803133322485,"pg I-TEQ/m3"
2010/05/11,雲嘉南空品區,嘉義市,42,嘉義站,興嘉國小,戴奧辛,0.20704985920754,"pg I-TEQ/m3"
2010/05/11,雲嘉南空品區,嘉義縣,39,新港站,新港國小,戴奧辛,0.0644119732267748,"pg I-TEQ/m3"
2010/05/17,中部空品區,雲林縣,38,崙背站,崙背國中,戴奧辛,0.0732742,"pg I-TEQ/m3"
2010/05/17,中部空品區,南投縣,36,南投站,康壽國小,戴奧辛,0.0414299,"pg I-TEQ/m3"
2010/05/17,中部空品區,彰化縣,33,彰化站,忠孝國小,戴奧辛,0.0696551,"pg I-TEQ/m3"
2010/05/17,中部空品區,台中市,31,忠明站,忠明國小,戴奧辛,0.0352306,"pg I-TEQ/m3"
2010/05/17,中部空品區,台中市,30,大里站,大里市公所,戴奧辛,0.1021557,"pg I-TEQ/m3"
2010/05/17,竹苗空品區,苗栗縣,26,苗栗站,苗栗縣議會,戴奧辛,0.0390757,"pg I-TEQ/m3"
2010/05/17,竹苗空品區,新竹市,24,新竹站,東門國小,戴奧辛,0.0400509,"pg I-TEQ/m3"
2010/05/10,北部空品區,新竹縣,22,湖口站,信勢國小,戴奧辛,0.0467611,"pg I-TEQ/m3"
2010/05/10,北部空品區,桃園市,17,桃園站,桃園農工,戴奧辛,0.0333172,"pg I-TEQ/m3"
